Sigla;Código;Município;1970;1980;1991;2000;2010;
ES;3200102;Afonso Cláudio;51,67;57,61;65,049;69,394;74,51;
ES;3200136;Águia Branca;;;60,185;63,456;72,53;
ES;3200169;Água Doce do Norte;;;57,745;62,54;74,13;
ES;3200201;Alegre;50,64;58,69;63,417;68,632;75,35;
ES;3200300;Alfredo Chaves;53,58;62,65;68,091;72,021;74,93;
ES;3200359;Alto Rio Novo;;;58,019;63,262;73,89;
ES;3200409;Anchieta;55,47;61,82;67,193;72,021;76,35;
ES;3200508;Apiacá;54,33;61,54;66,331;69,037;75,45;
ES;3200607;Aracruz;55,1;61,48;64,374;69,17;75,26;
ES;3200706;Atilio Vivacqua;54,75;61,54;66,132;69,037;75,45;
ES;3200805;Baixo Guandu;50,52;60,06;61,009;64,547;73,66;
ES;3200904;Barra de São Francisco;49,93;56,83;60,022;64,762;73,9;
ES;3201001;Boa Esperança;55,05;57,71;60,192;63,456;73,95;
ES;3201100;Bom Jesus do Norte;53,97;60,72;65,498;71,302;76,22;
ES;3201159;Brejetuba;;;65,049;67,086;74,65;
ES;3201209;Cachoeiro de Itapemirim;55,98;61,48;65,498;68,922;75,2;
ES;3201308;Cariacica;51,95;58,75;62,031;67,163;75,64;
ES;3201407;Castelo;58,37;61,54;66,132;70,403;76,09;
ES;3201506;Colatina;54,84;61,67;68,459;70,723;75,45;
ES;3201605;Conceição da Barra;49,11;53,76;57,33;63,301;73,59;
ES;3201704;Conceição do Castelo;57,02;59,94;63,885;67,086;73,59;
ES;3201803;Divino de São Lourenço;54,59;59,29;63,387;68,632;74,16;
ES;3201902;Domingos Martins;54;59,94;65,049;69,394;74,98;
ES;3202009;Dores do Rio Preto;52,56;59,29;63,159;70,526;73,78;
ES;3202108;Ecoporanga;47,42;57,14;61,097;65,83;74,13;
ES;3202207;Fundão;51,88;60,33;64,374;69,027;75,34;
ES;3202256;Governador Lindenberg;;;;;74,35;
ES;3202306;Guaçuí;51,77;56,88;61,395;68,632;75,73;
ES;3202405;Guarapari;57,75;62,39;65,592;72,021;75,21;
ES;3202454;Ibatiba;;;63,159;70,526;74,8;
ES;3202504;Ibiraçu;55,56;61,26;62,803;70,588;75,08;
ES;3202553;Ibitirama;;;62,925;68,632;74,24;
ES;3202603;Iconha;55,01;62,65;68,091;73,498;74,77;
ES;3202652;Irupi;;;62,925;70,526;72,9;
ES;3202702;Itaguaçu;59,4;64,23;67,49;71,332;73,1;
ES;3202801;Itapemirim;50,52;58,16;60,186;64,242;73,5;
ES;3202900;Itarana;59,4;64,76;68,455;70,15;73,51;
ES;3203007;Iúna;50,89;61,6;64,236;70,526;74,74;
ES;3203056;Jaguaré;;;58,293;63,127;73,59;
ES;3203106;Jerônimo Monteiro;56,06;59,25;62,706;63,972;75,61;
ES;3203130;João Neiva;;;66,133;69,027;76,42;
ES;3203163;Laranja da Terra;;;65,049;69,394;73,59;
ES;3203205;Linhares;54,02;58,68;64,374;68,119;75,05;
ES;3203304;Mantenópolis;45,81;54,89;61,097;64,762;73,61;
ES;3203320;Marataízes;;;60,662;64,242;75,8;
ES;3203346;Marechal Floriano;;;65,049;70,723;75,95;
ES;3203353;Marilândia;;;68,459;70,723;74,35;
ES;3203403;Mimoso do Sul;55,49;61,54;66,132;71,041;74,64;
ES;3203502;Montanha;48,97;53,72;64,434;66,5;73,96;
ES;3203601;Mucurici;50,92;56,91;61,738;66,5;74,7;
ES;3203700;Muniz Freire;53,67;59,29;65,559;68,632;74,24;
ES;3203809;Muqui;57,55;61,69;64,053;65,897;73,1;
ES;3203908;Nova Venécia;55,4;59,53;66,067;67,257;75,48;
ES;3204005;Pancas;52,56;59,49;58,019;63,127;73,89;
ES;3204054;Pedro Canário;;;57,33;63,127;73,71;
ES;3204104;Pinheiros;49,9;53,73;64,015;67,319;73,96;
ES;3204203;Piúma;52,52;60,97;65,592;72,021;76,11;
ES;3204252;Ponto Belo;;;64,434;66,5;71,96;
ES;3204302;Presidente Kennedy;53,34;58,16;60,607;64,242;73,5;
ES;3204351;Rio Bananal;;;66,133;68,119;73,1;
ES;3204401;Rio Novo do Sul;50,79;62,65;67,628;73,498;75,21;
ES;3204500;Santa Leopoldina;57,54;64,23;68,366;70,15;72,79;
ES;3204559;Santa Maria de Jetibá;;;67,49;70,15;75,04;
ES;3204609;Santa Teresa;59,98;64,78;69,779;74,846;75,04;
ES;3204658;São Domingos do Norte;;;61,009;67,011;73,66;
ES;3204708;São Gabriel da Palha;53,97;61,74;62,739;68,789;75,08;
ES;3204807;São José do Calçado;53,3;61,54;66,132;70,403;73,81;
ES;3204906;São Mateus;51,59;58,64;58,788;64,93;75,55;
ES;3204955;São Roque do Canaã;;;67,49;71,332;73,16;
ES;3205002;Serra;50,99;58,21;62,719;67,322;75,66;
ES;3205010;Sooretama;;;64,374;68,119;73,1;
ES;3205036;Vargem Alta;;;67,749;69,576;73,81;
ES;3205069;Venda Nova do Imigrante;;;63,966;70,723;75,69;
ES;3205101;Viana;54,52;59,85;62,838;67,053;73,94;
ES;3205150;Vila Pavão;;;63,504;65,569;74,79;
ES;3205176;Vila Valério;;;59,655;65,569;73,93;
ES;3205200;Vila Velha;51,08;61;66,187;69,049;76,84;
ES;3205309;Vitória;51,23;58,15;67,87;70,74;76,28;
ES;3299919;Riacho;;;;;;
ES;3299929;Ponte do Itabapoana;;;;;;
MG;3100104;Abadia dos Dourados;52,28;60,09;68,665;72,916;75,35;
MG;3100203;Abaeté;51,92;61,07;68,044;72,504;75,9;
MG;3100302;Abre Campo;48,94;58,25;65,668;69,784;74,36;
MG;3100401;Acaiaca;49,68;56,44;58,958;63,357;74,36;
MG;3100500;Açucena;49,67;54,32;64,902;67,885;75,66;
MG;3100609;Água Boa;46,9;57,38;65,476;67,142;72,94;
MG;3100708;Água Comprida;51,44;62,19;70,554;74,209;76,58;
MG;3100807;Aguanil;57,68;58,9;65,672;72,849;75,7;
MG;3100906;Águas Formosas;47,76;53;59,242;62,916;73,63;
MG;3101003;Águas Vermelhas;51,52;54,9;60,314;65,914;73,46;
MG;3101102;Aimorés;49,84;55,58;63,924;72,287;73,58;
MG;3101201;Aiuruoca;50,84;59,07;64,531;70,64;77,23;
MG;3101300;Alagoa;48,88;58,95;65,485;71,531;74,93;
MG;3101409;Albertina;56,27;59,68;69,642;72,383;73,76;
MG;3101508;Além Paraíba;51,58;62,17;67,365;69,116;76,43;
MG;3101607;Alfenas;51,03;61,44;71,413;76,851;75,45;
MG;3101631;Alfredo Vasconcelos;;;66,356;70,501;75,01;
MG;3101706;Almenara;48,09;52,17;62,717;64,686;73,18;
MG;3101805;Alpercata;51,9;55,4;67,925;69,789;74,43;
MG;3101904;Alpinópolis;53,5;57,63;69,058;73,596;76,71;
MG;3102001;Alterosa;57,19;60,25;67,588;70,233;75,83;
MG;3102050;Alto Caparaó;;;65,668;73,36;75,54;
MG;3102100;Alto Rio Doce;52,18;55,22;64,413;70,119;74,7;
MG;3102209;Alvarenga;48,44;58,85;63,924;66,289;72,85;
MG;3102308;Alvinópolis;54,3;56,77;66,61;69,518;74,34;
MG;3102407;Alvorada de Minas;51,85;55,9;65,543;69,589;72,65;
MG;3102506;Amparo do Serra;50,03;56,8;62,783;67,416;73,63;
MG;3102605;Andradas;55,64;57,31;71,475;76,07;77,69;
MG;3102704;Cachoeira de Pajeú;47,18;52,77;62,48;65,695;71,25;
MG;3102803;Andrelândia;48,46;60,15;63,673;68,518;74,06;
MG;3102852;Angelândia;;;62,66;64,258;70,36;
MG;3102902;Antônio Carlos;47,92;56,59;67,671;70,932;75,3;
MG;3103009;Antônio Dias;48,17;55,29;60,321;63,904;75,93;
MG;3103108;Antônio Prado de Minas;50,55;56,95;61,862;66,224;74,79;
MG;3103207;Araçaí;47,62;56,76;65,763;69,193;73,28;
MG;3103306;Aracitaba;52,13;54,83;62,031;66,089;74,37;
MG;3103405;Araçuaí;51,46;57,21;64,139;67,638;74,27;
MG;3103504;Araguari;56,74;59,74;70,964;73,923;77,28;
MG;3103603;Arantina;50,5;59,07;66,275;70,48;75,05;
MG;3103702;Araponga;55,74;56,8;64,518;69,991;70,6;
MG;3103751;Araporã;;;70,964;72,423;73,78;
MG;3103801;Arapuá;56,34;59,25;69,606;73,57;77,27;
MG;3103900;Araújos;55,65;59,03;67,633;72,277;76,27;
MG;3104007;Araxá;57,63;61,08;67,413;70,082;76,49;
MG;3104106;Arceburgo;52,95;56,97;64,93;68,481;73,61;
MG;3104205;Arcos;50,92;59,64;68,59;74,484;77,43;
MG;3104304;Areado;51,81;59,89;67,588;72,096;75,84;
MG;3104403;Argirita;51,66;60,34;67,365;70,545;74;
MG;3104452;Aricanduva;;;64,953;66,822;72,22;
MG;3104502;Arinos;50,21;57,42;61,713;69,661;73,88;
MG;3104601;Astolfo Dutra;49,1;59,35;67,521;73,397;76,5;
MG;3104700;Ataléia;48,77;58,08;63,971;65,3;73,77;
MG;3104809;Augusto de Lima;52,26;54,16;63,227;66,318;73,9;
MG;3104908;Baependi;47,97;58,95;66,541;72,067;74,97;
MG;3105004;Baldim;48,32;55,78;67,798;70,974;72,21;
MG;3105103;Bambuí;54,31;58,04;64,761;73,643;77,2;
MG;3105202;Bandeira;43,08;53,59;62,613;65,366;73,64;
MG;3105301;Bandeira do Sul;49,85;58,78;67,564;73,933;73,14;
MG;3105400;Barão de Cocais;48,41;56,72;65,707;69,518;76,46;
MG;3105509;Barão de Monte Alto;48,17;57,75;64,003;68,401;74,64;
MG;3105608;Barbacena;49,64;55,66;66,117;72,473;77,88;
MG;3105707;Barra Longa;46;56,44;58,984;63,357;74,36;
MG;3105905;Barroso;46,69;56,59;67,671;69,227;76,84;
MG;3106002;Bela Vista de Minas;49,41;57,22;60,081;67,398;72,72;
MG;3106101;Belmiro Braga;52,13;57,63;68,045;71,582;74,81;
MG;3106200;Belo Horizonte;50,28;55,98;68,64;70,52;76,37;
MG;3106309;Belo Oriente;45,44;55,29;60,321;66,211;73,77;
MG;3106408;Belo Vale;50,18;56,25;65,381;70,412;73,86;
MG;3106507;Berilo;48,59;55,88;66,858;70,723;73,97;
MG;3106606;Bertópolis;51,2;53,87;56,353;60,205;72,96;
MG;3106655;Berizal;;;56,363;60,282;70,41;
MG;3106705;Betim;48,68;56,12;65,468;71,755;76,82;
MG;3106804;Bias Fortes;52,13;57,63;68,045;73,897;72,75;
MG;3106903;Bicas;56,27;62,49;68,595;72,027;75,99;
MG;3107000;Biquinhas;54,76;61,15;68,044;72,504;76,4;
MG;3107109;Boa Esperança;51,13;59,29;68,99;73,273;76,28;
MG;3107208;Bocaina de Minas;47,39;59,07;66,09;71,445;75,87;
MG;3107307;Bocaiúva;54,63;57,47;66,288;72,542;74,29;
MG;3107406;Bom Despacho;53;58,55;67,633;72,131;76,66;
MG;3107505;Bom Jardim de Minas;50,2;59,07;67,889;73,236;74,34;
MG;3107604;Bom Jesus da Penha;49,68;61,96;67,016;72,243;76,74;
MG;3107703;Bom Jesus do Amparo;53,32;56,77;58,937;67,398;75,01;
MG;3107802;Bom Jesus do Galho;46,77;54,63;61,467;65,199;73,01;
MG;3107901;Bom Repouso;49,72;58,3;69,625;71,83;74,25;
MG;3108008;Bom Sucesso;51,34;56,97;68,259;71,993;73,49;
MG;3108107;Bonfim;50,18;56,25;65,381;68,395;75,01;
MG;3108206;Bonfinópolis de Minas;51,01;57,73;66,834;72,24;72,73;
MG;3108255;Bonito de Minas;;;60,302;64,313;71,57;
MG;3108305;Borda da Mata;53,43;62,73;69,625;71,55;76,92;
MG;3108404;Botelhos;52,71;58,38;69,194;74,41;77,07;
MG;3108503;Botumirim;53,28;61,24;64,075;68,918;71,94;
MG;3108552;Brasilândia de Minas;;;63,813;70,66;75,87;
MG;3108602;Brasília de Minas;56,3;60,09;64,098;68,8;73,78;
MG;3108701;Brás Pires;57,46;60,75;66,86;70,081;73,03;
MG;3108800;Braúnas;48,59;55,41;62,752;67,891;73,1;
MG;3108909;Brasópolis;46,46;55,58;65,466;67,419;75,45;
MG;3109006;Brumadinho;50,05;57,6;66,246;68,78;76,39;
MG;3109105;Bueno Brandão;48,86;58,3;67,47;73,834;75,9;
MG;3109204;Buenópolis;50,53;56,23;58,555;65,214;72,74;
MG;3109253;Bugre;;;66,677;68,413;73,01;
MG;3109303;Buritis;51,01;59,33;64,884;68,374;73,88;
MG;3109402;Buritizeiro;47;57,3;60,598;64,147;71,06;
MG;3109451;Cabeceira Grande;;;66,834;71,275;72,25;
MG;3109501;Cabo Verde;50,48;53,36;64,268;68,481;75,82;
MG;3109600;Cachoeira da Prata;56,07;56,76;66,556;71,537;75,02;
MG;3109709;Cachoeira de Minas;55,61;57,83;68,245;73,203;74,25;
MG;3109808;Cachoeira Dourada;50,77;58,81;68,462;72,207;76,02;
MG;3109907;Caetanópolis;49,19;58,58;66,302;69,884;75,71;
MG;3110004;Caeté;48,94;59,78;64,216;71,695;75,62;
MG;3110103;Caiana;55,44;58,34;63,492;68,401;74,98;
MG;3110202;Cajuri;46,35;60,01;57,701;66,121;73,26;
MG;3110301;Caldas;51,93;59;69,642;74,571;77,35;
MG;3110400;Camacho;51;60,12;62,543;70,384;75,38;
MG;3110509;Camanducaia;49,54;55,08;66,927;74,661;75,22;
MG;3110608;Cambuí;53,49;55,77;66,997;73,04;77,33;
MG;3110707;Cambuquira;52,74;58,51;68,781;74,609;76,34;
MG;3110806;Campanário;47,08;53,05;61,897;63,157;74,85;
MG;3110905;Campanha;50,89;60,97;68,987;73,183;75,93;
MG;3111002;Campestre;52,27;57,31;65,773;72,383;75,59;
MG;3111101;Campina Verde;55,05;57,45;70,211;74,798;77,06;
MG;3111150;Campo Azul;;;64,098;67,038;72,96;
MG;3111200;Campo Belo;46,79;57,91;68,133;73,484;77,1;
MG;3111309;Campo do Meio;50,1;58,5;65,953;72,253;74,61;
MG;3111408;Campo Florido;54,68;64,92;68,119;71,282;76,46;
MG;3111507;Campos Altos;54,12;62,55;67,73;74,607;76,62;
MG;3111606;Campos Gerais;51,35;55,29;66,383;72,34;74,27;
MG;3111705;Canaã;54,2;56,8;64,932;66,121;72,88;
MG;3111804;Canápolis;51,13;58,54;68,636;72,449;77,32;
MG;3111903;Cana Verde;48,9;58;65,672;73,484;74,25;
MG;3112000;Candeias;49,97;59,03;68,133;70,392;74,81;
MG;3112059;Cantagalo;;;65,476;66,85;73,94;
MG;3112109;Caparaó;49,2;58,16;65,668;72,824;75,16;
MG;3112208;Capela Nova;51,67;58,24;63,044;70,06;72,84;
MG;3112307;Capelinha;55,57;58,29;59,315;66,595;74,41;
MG;3112406;Capetinga;51,36;61,4;66,036;73,287;75,88;
MG;3112505;Capim Branco;53,27;60,28;67,048;70,633;75,19;
MG;3112604;Capinópolis;51,91;55,69;68,629;72,207;75,47;
MG;3112653;Capitão Andrade;;;61,174;68,163;73,28;
MG;3112703;Capitão Enéas;48,69;57,06;64,098;67,362;73,37;
MG;3112802;Capitólio;51,57;61,19;69,058;74,042;74,51;
MG;3112901;Caputira;49,53;55,69;61,53;64,901;73,53;
MG;3113008;Caraí;46,52;52,69;64,139;66,878;71,88;
MG;3113107;Caranaíba;47,91;55,95;66,356;70,184;73,44;
MG;3113206;Carandaí;50,54;56,97;67,671;72,473;74,27;
MG;3113305;Carangola;50,75;54,99;68,729;72,022;75,19;
MG;3113404;Caratinga;46,21;53,41;64,843;70,073;75,16;
MG;3113503;Carbonita;50,89;61,39;64,953;67,545;72,74;
MG;3113602;Careaçu;49,04;54,12;69,594;74,588;74,41;
MG;3113701;Carlos Chagas;51,28;55,11;61,257;66,751;74,55;
MG;3113800;Carmésia;47,2;57,36;66,044;69,661;73,28;
MG;3113909;Carmo da Cachoeira;46,91;54,95;64,137;72,253;73,03;
MG;3114006;Carmo da Mata;53,08;60,96;65,792;68,299;75,41;
MG;3114105;Carmo de Minas;53,37;58,72;68,14;72,067;75,71;
MG;3114204;Carmo do Cajuru;53,71;57,25;68,847;73,084;76,16;
MG;3114303;Carmo do Paranaíba;53,11;60,45;69,606;74,755;76,63;
MG;3114402;Carmo do Rio Claro;53,34;57,2;66,525;73,964;76,01;
MG;3114501;Carmópolis de Minas;58,9;61,12;68,259;71,993;75,99;
MG;3114550;Carneirinho;;;67,003;73,022;77,37;
MG;3114600;Carrancas;56,75;58,83;64,671;70,675;77,59;
MG;3114709;Carvalhópolis;52,47;59,58;67,588;73,562;75,98;
MG;3114808;Carvalhos;51,6;59,07;67,889;70,64;74,2;
MG;3114907;Casa Grande;51,01;61,44;64,112;67,575;74,39;
MG;3115003;Cascalho Rico;54,36;60,42;68,636;73,923;75,72;
MG;3115102;Cássia;54,07;58,34;69,058;74,042;75,22;
MG;3115201;Conceição da Barra de Minas;45,63;55,7;64,389;66,38;73,91;
MG;3115300;Cataguases;53,69;60,23;69,863;73,277;76,68;
MG;3115359;Catas Altas;;;65,707;73,746;74,65;
MG;3115409;Catas Altas da Noruega;50,23;55,79;64,112;67,575;72,96;
MG;3115458;Catuji;;;60,874;65,684;71,23;
MG;3115474;Catuti;;;62,661;65,265;71,38;
MG;3115508;Caxambu;50,49;57,72;69,273;73,783;75,85;
MG;3115607;Cedro do Abaeté;52,74;58,98;68,044;73,859;73,04;
MG;3115706;Central de Minas;47,2;56,91;65,129;68,678;74,37;
MG;3115805;Centralina;48,72;61,45;65,521;69,5;76,19;
MG;3115904;Chácara;47,57;56,77;66,689;68,762;77,66;
MG;3116001;Chalé;51,66;56,67;65,668;71,494;72,21;
MG;3116100;Chapada do Norte;49,88;60,68;66,858;68,718;72,86;
MG;3116159;Chapada Gaúcha;;;65,901;69,056;74,22;
MG;3116209;Chiador;52,55;57,63;68,045;70,45;77,05;
MG;3116308;Cipotânea;56,64;59,21;62,818;64,542;69,97;
MG;3116407;Claraval;51,62;59,28;66,036;71,333;75,88;
MG;3116506;Claro dos Poções;46,62;57,38;64,098;67,038;72,96;
MG;3116605;Cláudio;49,01;59,34;63,873;67,541;75,75;
MG;3116704;Coimbra;50,65;56,8;64,87;73,592;74,49;
MG;3116803;Coluna;49,94;54,24;60,91;66,756;71,91;
MG;3116902;Comendador Gomes;53,23;60,02;68,507;73,729;76,01;
MG;3117009;Comercinho;50,46;55,47;60,208;62,679;72,83;
MG;3117108;Conceição da Aparecida;51,97;59,19;67,588;73,964;75,83;
MG;3117207;Conceição das Pedras;52,07;60,71;69,594;73,176;74,25;
MG;3117306;Conceição das Alagoas;50,77;63,32;68,119;71,282;76,72;
MG;3117405;Conceição de Ipanema;49,97;56,46;63,924;70,004;74,51;
MG;3117504;Conceição do Mato Dentro;52,97;55,9;65,543;67,718;72,65;
MG;3117603;Conceição do Pará;52,29;58,63;66,874;73,5;75,97;
MG;3117702;Conceição do Rio Verde;46,4;57,26;68,14;71,526;75,01;
MG;3117801;Conceição dos Ouros;54,85;56,36;69,14;72,121;75,49;
MG;3117836;Cônego Marinho;;;64,86;69,056;72,96;
MG;3117876;Confins;;;65,492;72,747;74,79;
MG;3117900;Congonhal;52,41;58,3;68,128;69,559;75,81;
MG;3118007;Congonhas;48,45;54,69;64,112;71,231;77,59;
MG;3118106;Congonhas do Norte;50,11;55,9;64,842;67,718;69,74;
MG;3118205;Conquista;57,83;61,41;68,119;71,282;77,59;
MG;3118304;Conselheiro Lafaiete;50,04;58,71;69,834;71,231;76,62;
MG;3118403;Conselheiro Pena;49,41;55,07;63,924;70,926;75,24;
MG;3118502;Consolação;48,74;60,99;65,059;69,573;73,36;
MG;3118601;Contagem;49,82;57,31;66,256;70,066;74,94;
MG;3118700;Coqueiral;51,58;58,8;68,416;72,253;75,26;
MG;3118809;Coração de Jesus;53,2;58,15;64,098;68,951;73,48;
MG;3118908;Cordisburgo;49,84;57,07;68,057;68,87;72,17;
MG;3119005;Cordislândia;50,04;56,36;68,245;73,203;73,39;
MG;3119104;Corinto;49,15;55,51;61,161;66,318;75,49;
MG;3119203;Coroaci;45,06;54,27;60,376;67,891;73,64;
MG;3119302;Coromandel;54,92;58,63;68,665;74,555;76,57;
MG;3119401;Coronel Fabriciano;47,15;55,29;67,374;72,236;76,88;
MG;3119500;Coronel Murta;53,31;55,18;62,126;67,638;72,05;
MG;3119609;Coronel Pacheco;52,13;57,41;64,842;70,595;72,36;
MG;3119708;Coronel Xavier Chaves;52,96;55,7;67,9;69,14;74,4;
MG;3119807;Córrego Danta;51,9;59,36;66,386;72,325;75,61;
MG;3119906;Córrego do Bom Jesus;49,28;58,3;63,727;69,672;75,4;
MG;3119955;Córrego Fundo;;;66,19;70,384;72,67;
MG;3120003;Córrego Novo;55,96;59,07;66,677;69,381;73,32;
MG;3120102;Couto de Magalhães de Minas;42,86;56,25;62,287;68,698;73,4;
MG;3120151;Crisólita;;;56,387;62,371;72,96;
MG;3120201;Cristais;47,99;59,09;69,931;72,849;76,54;
MG;3120300;Cristália;52,02;58,74;65,463;69,84;72,71;
MG;3120409;Cristiano Otoni;51,01;57,48;67,845;70,637;74,39;
MG;3120508;Cristina;46,18;58,24;65,059;69,771;75,53;
MG;3120607;Crucilândia;50,18;56,25;65,381;70,904;73,97;
MG;3120706;Cruzeiro da Fortaleza;53,6;62,24;70,523;73,259;74,94;
MG;3120805;Cruzília;50,88;59,19;66,275;70,778;76,17;
MG;3120839;Cuparaque;;;67,075;72,941;72,85;
MG;3120870;Curral de Dentro;;;54,635;59,271;70,51;
MG;3120904;Curvelo;50,14;58,84;66,5;70,423;76,05;
MG;3121001;Datas;43,66;56,25;65,089;66,234;70,36;
MG;3121100;Delfim Moreira;46,44;57,77;66,424;67,823;75,2;
MG;3121209;Delfinópolis;50,4;58,92;67,209;72,037;77,31;
MG;3121258;Delta;;;68,119;71,282;73,46;
MG;3121308;Descoberto;54,53;59,03;67,239;73,316;72,85;
MG;3121407;Desterro de Entre Rios;51,28;61,09;66,318;70,796;73,14;
MG;3121506;Desterro do Melo;46,62;56,59;66,356;70,932;73,53;
MG;3121605;Diamantina;48,68;56,25;66,168;68,698;75,33;
MG;3121704;Diogo de Vasconcelos;53,59;56,47;64,225;67,917;73,63;
MG;3121803;Dionísio;49,41;57,76;60,018;64,38;74,24;
MG;3121902;Divinésia;52,71;55,5;63,96;70,519;72,11;
MG;3122009;Divino;50,52;57,84;62,668;68,401;74,36;
MG;3122108;Divino das Laranjeiras;46,4;57,09;64,803;67,891;73,64;
MG;3122207;Divinolândia de Minas;43,19;53,87;64,22;70,527;73,72;
MG;3122306;Divinópolis;50,39;59,37;70,869;75,539;75,63;
MG;3122355;Divisa Alegre;;;59,671;65,914;68,39;
MG;3122405;Divisa Nova;47,44;59,45;67,588;70,233;73,03;
MG;3122454;Divisópolis;;;58,545;60,671;73,1;
MG;3122470;Dom Bosco;;;66,834;72,806;73,88;
MG;3122504;Dom Cavati;46,37;53,9;66,221;70,073;72,03;
MG;3122603;Dom Joaquim;48,03;55,9;61,033;64,041;74,12;
MG;3122702;Dom Silvério;49,65;57,32;60,699;66,347;75,8;
MG;3122801;Dom Viçoso;51,47;56,24;65,245;69,771;74,12;
MG;3122900;Dona Eusébia;51,54;57,01;63,902;70,545;75,45;
MG;3123007;Dores de Campos;45,05;55,7;64,561;72,912;74,4;
MG;3123106;Dores de Guanhães;47,91;54,16;64,596;66,756;74,26;
MG;3123205;Dores do Indaiá;54,24;58,95;67,633;69,924;75,4;
MG;3123304;Dores do Turvo;55,1;57,2;66,389;71,169;74,75;
MG;3123403;Doresópolis;49,07;59,36;68,604;72,325;77,11;
MG;3123502;Douradoquara;57,81;61,49;68,665;73,259;75,84;
MG;3123528;Durandé;;;57,71;65,032;75,54;
MG;3123601;Elói Mendes;53,29;58,03;68,032;72,748;75,26;
MG;3123700;Engenheiro Caldas;46,86;54,62;64,044;65,572;73,91;
MG;3123809;Engenheiro Navarro;49,04;56,71;66,288;71,531;72,44;
MG;3123858;Entre Folhas;;;66,677;71,193;72,5;
MG;3123908;Entre Rios de Minas;52,69;59,35;67,38;70,637;73,14;
MG;3124005;Ervália;49,09;55,11;64,699;68,461;74,7;
MG;3124104;Esmeraldas;53,67;58,33;65,638;70,998;74,31;
MG;3124203;Espera Feliz;48,68;58,88;63,492;68,401;75,77;
MG;3124302;Espinosa;54,11;57,89;63,95;66,868;73,26;
MG;3124401;Espírito Santo do Dourado;54,22;55,32;68,104;71,55;75,81;
MG;3124500;Estiva;54,09;62,44;69,625;71,55;75,9;
MG;3124609;Estrela Dalva;54,83;60,34;62,535;69,116;77,04;
MG;3124708;Estrela do Indaiá;53,95;62,17;61,786;69,924;77,49;
MG;3124807;Estrela do Sul;52,66;60,99;68,665;72,916;75,4;
MG;3124906;Eugenópolis;51,64;57,07;66,389;70,734;75,77;
MG;3125002;Ewbank da Câmara;50,06;56,52;62,031;66,089;74,37;
MG;3125101;Extrema;57,43;61,91;66,997;69,635;75,95;
MG;3125200;Fama;51,84;62,43;67,588;73,964;76,77;
MG;3125309;Faria Lemos;50,55;56,95;65,994;68,401;73;
MG;3125408;Felício dos Santos;42,12;56,25;65,757;66,699;72,61;
MG;3125507;São Gonçalo do Rio Preto;49,14;56,25;56,258;59,406;73,91;
MG;3125606;Felisburgo;51,65;53,89;63,977;67,293;69,66;
MG;3125705;Felixlândia;53,36;58,75;65,379;70,423;73,9;
MG;3125804;Fernandes Tourinho;46,38;55,46;63,143;66,718;73,43;
MG;3125903;Ferros;54,29;58,24;66,348;69,518;74,24;
MG;3125952;Fervedouro;;;65,994;70,734;72,73;
MG;3126000;Florestal;52,64;55,39;68,912;74,76;75,69;
MG;3126109;Formiga;49,39;59,52;66,18;74,484;77,43;
MG;3126208;Formoso;48,71;58;64,546;67,957;75,04;
MG;3126307;Fortaleza de Minas;49,46;61,18;69,058;74,042;73,31;
MG;3126406;Fortuna de Minas;51,23;54,01;62,488;65,907;75,7;
MG;3126505;Francisco Badaró;51,33;54,24;64,953;68,718;72,57;
MG;3126604;Francisco Dumont;53,98;58,57;60,268;64,65;72,8;
MG;3126703;Francisco Sá;52,65;55,18;64,098;68,951;73,48;
MG;3126752;Franciscópolis;;;58,793;64,8;73,14;
MG;3126802;Frei Gaspar;48,58;53,06;62,464;64,8;72,96;
MG;3126901;Frei Inocêncio;49,61;55,46;60,545;67,891;71,72;
MG;3126950;Frei Lagonegro;;;60,208;62,679;69,96;
MG;3127008;Fronteira;58,01;59,74;70,021;73,933;77,28;
MG;3127057;Fronteira dos Vales;49,56;54,42;61,788;66,706;73,8;
MG;3127073;Fruta de Leite;;;62,995;67,044;72,5;
MG;3127107;Frutal;53,22;63,91;70,211;74,798;76,92;
MG;3127206;Funilândia;48,43;58,33;62,488;65,616;75,66;
MG;3127305;Galiléia;48,36;56,16;60,545;67,891;72,71;
MG;3127339;Gameleiras;;;56,792;59,515;72,74;
MG;3127354;Glaucilândia;;;64,098;68,951;73,72;
MG;3127370;Goiabeira;;;60,534;66,289;72,91;
MG;3127388;Goianá;;;62,414;68,373;75,1;
MG;3127404;Gonçalves;45,09;55,1;66,145;73,834;74,96;
MG;3127503;Gonzaga;45,72;55,43;59,567;66,756;71,44;
MG;3127602;Gouveia;52,49;56,25;66,168;70,84;74,98;
MG;3127701;Governador Valadares;46,66;55,95;67,034;68,19;75,06;
MG;3127800;Grão Mogol;49,54;56,56;67,97;69,84;72,44;
MG;3127909;Grupiara;49,7;62,39;68,665;72,916;75,64;
MG;3128006;Guanhães;48,29;55,43;61,938;67,891;74,22;
MG;3128105;Guapé;51,73;61,8;68,032;72,253;74,86;
MG;3128204;Guaraciaba;51,18;56,44;61,999;66,347;72,61;
MG;3128253;Guaraciama;;;66,288;69,434;73,4;
MG;3128303;Guaranésia;51,96;57,3;68,97;71,94;75,7;
MG;3128402;Guarani;51,65;57,82;67,879;73,501;75,96;
MG;3128501;Guarará;53,32;57,63;64,842;70,595;73,1;
MG;3128600;Guarda-Mor;53,75;57,8;64,703;69,113;74,76;
MG;3128709;Guaxupé;51,55;56,45;70,493;73,648;77,81;
MG;3128808;Guidoval;49,78;55,66;62,056;70,519;75,22;
MG;3128907;Guimarânia;53,05;59,25;69,606;73,57;74,51;
MG;3129004;Guiricema;54,94;57,82;67,844;73,501;73,74;
MG;3129103;Gurinhatã;52,33;60,98;68,732;72,207;76,88;
MG;3129202;Heliodora;48,77;55,02;66,851;70,901;74,29;
MG;3129301;Iapu;50,04;53,95;67,717;70,073;74,12;
MG;3129400;Ibertioga;55,91;56,59;67,479;70,932;75,01;
MG;3129509;Ibiá;52,4;57,01;68,231;72,449;77,62;
MG;3129608;Ibiaí;48,96;56,24;66,672;71,8;72,71;
MG;3129657;Ibiracatu;;;62,272;66,836;72,17;
MG;3129707;Ibiraci;52,47;57,62;66,036;72,678;76,28;
MG;3129806;Ibirité;44,45;54,74;65,526;68,423;75,41;
MG;3129905;Ibitiúra de Minas;57,15;62,32;71,475;74,41;73,14;
MG;3130002;Ibituruna;53,99;58,9;65,792;67,88;74,39;
MG;3130051;Icaraí de Minas;;;65,901;69,056;72,96;
MG;3130101;Igarapé;48,44;56,12;68,275;69,446;75,63;
MG;3130200;Igaratinga;53,27;59,34;66,874;69,616;75,54;
MG;3130309;Iguatama;49,71;58,61;66,386;72,325;74,51;
MG;3130408;Ijaci;48,22;57,58;67,528;70,675;75,37;
MG;3130507;Ilicínea;55,85;58,03;70,14;72,253;74,61;
MG;3130556;Imbé de Minas;;;61,943;68,413;69,66;
MG;3130606;Inconfidentes;45,79;57,31;67,348;72,383;75,59;
MG;3130655;Indaiabira;;;54,963;60,282;73,26;
MG;3130705;Indianópolis;48,44;60,42;67,835;72,423;75,06;
MG;3130804;Ingaí;57,11;62,85;67,657;70,675;76,45;
MG;3130903;Inhapim;47,64;53,58;67,717;71,379;74,72;
MG;3131000;Inhaúma;52,01;56,76;64,805;69,884;75,71;
MG;3131109;Inimutaba;54,33;57,34;62,083;66,013;73,61;
MG;3131158;Ipaba;;;65,171;67,423;74,72;
MG;3131208;Ipanema;52,75;56,46;62,066;70,004;75,87;
MG;3131307;Ipatinga;47,18;55;67,374;72,236;76,85;
MG;3131406;Ipiaçu;51,71;55,77;68,462;72,207;73,82;
MG;3131505;Ipuiúna;50,03;61,58;67,068;73,834;76,98;
MG;3131604;Iraí de Minas;53;58,78;66,134;70,583;75,84;
MG;3131703;Itabira;51,95;56,75;67,72;72,798;77,37;
MG;3131802;Itabirinha de Mantena;45,45;53,48;63,805;67,895;75,3;
MG;3131901;Itabirito;51,6;57,49;68,3;70,36;74,68;
MG;3132008;Itacambira;55,06;61,12;65,463;69,84;72,44;
MG;3132107;Itacarambi;47,85;55,61;56,537;59,406;72,22;
MG;3132206;Itaguara;50,18;56,25;65,381;69,142;75,14;
MG;3132305;Itaipé;44,65;54,72;64,075;67,641;70,52;
MG;3132404;Itajubá;49,98;57,84;70,741;70,862;78,06;
MG;3132503;Itamarandiba;51,79;57,63;61,811;66,769;72,86;
MG;3132602;Itamarati de Minas;52,54;57,5;67,365;71,099;75,45;
MG;3132701;Itambacuri;48,52;54,52;61,13;63,961;72,05;
MG;3132800;Itambé do Mato Dentro;45,49;55,9;65,543;67,718;74,39;
MG;3132909;Itamogi;56,37;57,56;68,842;72,454;73,61;
MG;3133006;Itamonte;49,09;64,27;68,14;75,173;76,17;
MG;3133105;Itanhandu;48,14;58,95;66,657;72,828;77,23;
MG;3133204;Itanhomi;50,33;55,46;64,117;69,382;74,85;
MG;3133303;Itaobim;46,06;52,24;65,714;69,607;72,19;
MG;3133402;Itapagipe;55,37;58,78;68,495;73,97;76,64;
MG;3133501;Itapecerica;54,95;60,81;67,134;72,655;75,73;
MG;3133600;Itapeva;55,97;57,58;70,986;71,55;77,69;
MG;3133709;Itatiaiuçu;50,18;56,25;65,381;68,702;75;
MG;3133758;Itaú de Minas;;;66,836;71,333;76,74;
MG;3133808;Itaúna;51,36;59,34;68,847;75,221;76,02;
MG;3133907;Itaverava;55,38;57,48;67,845;70,279;73,63;
MG;3134004;Itinga;50,12;54,48;61,948;66,878;72,83;
MG;3134103;Itueta;54,85;56,46;63,924;69,484;74,51;
MG;3134202;Ituiutaba;51,59;59,04;70,301;75,904;75,37;
MG;3134301;Itumirim;52,24;62,81;67,657;72,682;75,39;
MG;3134400;Iturama;51,47;59,5;68,773;72,959;75,88;
MG;3134509;Itutinga;57,08;58,83;65,555;70,675;77,67;
MG;3134608;Jaboticatubas;52,65;57,81;64,033;69,193;75,19;
MG;3134707;Jacinto;47,02;51,53;60,048;64,898;73,4;
MG;3134806;Jacuí;53,2;55,99;65,571;72,27;73,61;
MG;3134905;Jacutinga;53,56;60,63;71,475;74,41;76,82;
MG;3135001;Jaguaraçu;54,01;61,49;67,374;72,727;76,35;
MG;3135050;Jaíba;;;56,792;65,454;72,33;
MG;3135076;Jampruca;;;53,014;59,406;71,86;
MG;3135100;Janaúba;46,45;53,73;66,021;69,571;72,74;
MG;3135209;Januária;49,36;54,82;62,818;69,91;74,22;
MG;3135308;Japaraíba;49,47;56,38;64,182;69,975;75,62;
MG;3135357;Japonvar;;;63,708;66,836;72,17;
MG;3135407;Jeceaba;50,18;56,25;65,381;70,904;75,66;
MG;3135456;Jenipapo de Minas;;;60,104;64,258;72,59;
MG;3135506;Jequeri;44;55,03;64,246;66,347;72,61;
MG;3135605;Jequitaí;46,45;55,25;66,672;71,8;72,79;
MG;3135704;Jequitibá;51,18;62,04;59,656;65,616;76,26;
MG;3135803;Jequitinhonha;48,53;55,66;65,924;69,255;73,99;
MG;3135902;Jesuânia;53,92;56,76;68,14;71,531;74,88;
MG;3136009;Joaíma;48,67;53,41;59,194;65,805;72,36;
MG;3136108;Joanésia;48,08;55,29;65,483;67,655;73,2;
MG;3136207;João Monlevade;50,07;56,9;68,311;74,643;75,93;
MG;3136306;João Pinheiro;50,3;59,59;65,78;71,459;72,25;
MG;3136405;Joaquim Felício;54,1;57,34;61,161;65,214;74,44;
MG;3136504;Jordânia;46,16;53,59;63,226;64,686;72,82;
MG;3136520;José Gonçalves de Minas;;;61,315;66,595;70,81;
MG;3136553;José Raydan;;;56,341;62,679;72,94;
MG;3136579;Josenópolis;;;64,075;68,512;71,94;
MG;3136603;Nova União;51,81;56,77;63,782;66,357;74,06;
MG;3136652;Juatuba;;;64,064;69,873;75,94;
MG;3136702;Juiz de Fora;51,48;57,08;67,995;72,027;75,65;
MG;3136801;Juramento;54,01;58,68;61,751;67,038;73,48;
MG;3136900;Juruaia;54,86;58,09;69,472;72,248;76,61;
MG;3136959;Juvenília;;;57,039;64,327;71,57;
MG;3137007;Ladainha;43,48;53,29;60,874;65,708;70,26;
MG;3137106;Lagamar;53,4;58,77;65,78;67,18;75,31;
MG;3137205;Lagoa da Prata;51,16;55,1;64,264;69,924;74,89;
MG;3137304;Lagoa dos Patos;50,11;56,74;61,602;67,292;71,36;
MG;3137403;Lagoa Dourada;51,7;55,7;67,9;69,749;74,68;
MG;3137502;Lagoa Formosa;52,78;60,27;69,606;72,707;74,91;
MG;3137536;Lagoa Grande;;;63,813;66,654;73,72;
MG;3137601;Lagoa Santa;50,84;59,39;67,587;69,115;76,43;
MG;3137700;Lajinha;49,28;58,25;65,654;67,706;73,6;
MG;3137809;Lambari;52,09;60,84;68,14;72,828;77,23;
MG;3137908;Lamim;53,05;56,8;63,557;67,416;74,7;
MG;3138005;Laranjal;53,21;59,66;67,365;75,21;76,42;
MG;3138104;Lassance;51,28;60,61;66,672;68,476;72,71;
MG;3138203;Lavras;49,54;57,39;67,528;72,407;77,8;
MG;3138302;Leandro Ferreira;51,49;56,53;61,786;69,766;77,49;
MG;3138351;Leme do Prado;;;64,953;66,595;71,73;
MG;3138401;Leopoldina;51,86;59,36;67,365;72,346;77,04;
MG;3138500;Liberdade;52,11;60,74;66,275;73,236;75,01;
MG;3138609;Lima Duarte;52,86;57,22;68,045;70,45;76,68;
MG;3138625;Limeira do Oeste;;;67,003;72,959;75,04;
MG;3138658;Lontra;;;64,098;67,038;72,61;
MG;3138674;Luisburgo;;;62,254;67,891;73,53;
MG;3138682;Luislândia;;;64,098;67,038;72,96;
MG;3138708;Luminárias;53,5;58,31;67,657;70,767;74,27;
MG;3138807;Luz;54,15;63,01;67,633;71,301;75;
MG;3138906;Machacalis;48,23;53;59,155;63,516;71,96;
MG;3139003;Machado;51,83;56,09;67,588;72,096;75,9;
MG;3139102;Madre de Deus de Minas;50,71;55,7;64,561;69,14;76,38;
MG;3139201;Malacacheta;45,89;53,18;62,77;66,421;71,05;
MG;3139250;Mamonas;;;62,661;64,942;71,73;
MG;3139300;Manga;48,34;55,34;54,542;59,406;72,96;
MG;3139409;Manhuaçu;49,05;54,6;64,695;73,36;75,35;
MG;3139508;Manhumirim;49,99;58,25;65,668;69,675;75,74;
MG;3139607;Mantena;49,08;52,49;65,171;68,576;73,16;
MG;3139706;Maravilhas;55,2;58,97;66,059;71,217;75,7;
MG;3139805;Mar de Espanha;54,26;56,78;66,226;68,373;74,51;
MG;3139904;Maria da Fé;47,91;59,61;64,07;67,419;75,53;
MG;3140001;Mariana;51,19;55,67;68,3;70,428;77,43;
MG;3140100;Marilac;47,39;55,46;60,263;66,718;71,86;
MG;3140159;Mário Campos;;;61,605;64,988;74,99;
MG;3140209;Maripá de Minas;48,13;57,63;64,842;70,595;75,84;
MG;3140308;Marliéria;48,43;52,42;66,225;69,984;75,29;
MG;3140407;Marmelópolis;47,83;55,8;64,07;69,771;73,36;
MG;3140506;Martinho Campos;54;58,86;67,116;69,924;75,61;
MG;3140530;Martins Soares;;;68,198;69,675;73,53;
MG;3140555;Mata Verde;;;56,57;60,671;69,92;
MG;3140605;Materlândia;48,48;55,43;60,293;66,756;71,16;
MG;3140704;Mateus Leme;48,63;56,12;64,245;68,19;75,36;
MG;3140803;Matias Barbosa;52,13;57,79;67,247;73,316;76,73;
MG;3140852;Matias Cardoso;;;57,039;64,327;72,96;
MG;3140902;Matipó;47,01;59,61;59,537;64,399;71,8;
MG;3141009;Mato Verde;50,28;54,99;63,95;68,008;72,33;
MG;3141108;Matozinhos;51,18;56,76;68,565;71,537;76,82;
MG;3141207;Matutina;53,05;59,25;67,603;72,917;76,53;
MG;3141306;Medeiros;52,38;58,63;68,604;74,072;76,04;
MG;3141405;Medina;49,08;52,09;62,48;65,695;74,27;
MG;3141504;Mendes Pimentel;47,17;57,36;65,58;67,895;71,09;
MG;3141603;Mercês;50,28;54,6;62,06;70,519;74,85;
MG;3141702;Mesquita;46,68;55,29;62,326;66,211;72,76;
MG;3141801;Minas Novas;55,14;57,63;64,953;67,106;73,14;
MG;3141900;Minduri;57,45;58,69;66,275;71,696;73,32;
MG;3142007;Mirabela;52,1;55,19;64,098;67,038;72,61;
MG;3142106;Miradouro;51,58;59,19;64,522;69,347;74,64;
MG;3142205;Miraí;50,55;57,55;65,994;68,401;75,19;
MG;3142254;Miravânia;;;65,901;69,91;71,88;
MG;3142304;Moeda;50,18;56,25;65,381;69,142;73,01;
MG;3142403;Moema;51,07;53,9;65,538;70,471;75,87;
MG;3142502;Monjolos;52,09;61,59;62,083;65,214;74,16;
MG;3142601;Monsenhor Paulo;52,49;54,94;65,379;72,253;75,32;
MG;3142700;Montalvânia;48,34;55,31;61,687;65,35;72,96;
MG;3142809;Monte Alegre de Minas;51,39;60,56;67,835;70,423;75,86;
MG;3142908;Monte Azul;46,91;54,46;60,997;67,878;73,63;
MG;3143005;Monte Belo;52,36;54,39;64,259;68,481;75,82;
MG;3143104;Monte Carmelo;52,08;59,37;68,588;70,95;77,1;
MG;3143153;Monte Formoso;;;58,174;60,671;70,92;
MG;3143203;Monte Santo de Minas;52,67;56,97;64,259;70,232;77,46;
MG;3143302;Montes Claros;51,86;58,04;69,433;72,247;77,07;
MG;3143401;Monte Sião;55,39;62,71;69,642;75,983;77,69;
MG;3143450;Montezuma;;;54,635;59,271;73,55;
MG;3143500;Morada Nova de Minas;49,41;58,98;68,044;73,897;74,79;
MG;3143609;Morro da Garça;50,12;58,92;58,555;65,214;73,97;
MG;3143708;Morro do Pilar;50,99;55,9;58,563;67,777;73,55;
MG;3143807;Munhoz;54,78;58,3;69,314;70,665;74,25;
MG;3143906;Muriaé;48,99;57,09;68,729;72,022;76,18;
MG;3144003;Mutum;54,04;57,41;63,385;70,004;74,3;
MG;3144102;Muzambinho;53,2;56,98;70,493;73,147;76,51;
MG;3144201;Nacip Raydan;49,09;55,46;55,637;59,406;74,85;
MG;3144300;Nanuque;45,58;51,87;59,329;63,516;76,02;
MG;3144359;Naque;;;62,241;67,885;74,32;
MG;3144375;Natalândia;;;66,834;67,96;75,78;
MG;3144409;Natércia;49,32;57,65;69,594;74,588;73,28;
MG;3144508;Nazareno;43,8;53,66;64,561;67,749;74,82;
MG;3144607;Nepomuceno;53,78;58,83;64,671;71,294;74,3;
MG;3144656;Ninheira;;;63,894;69,559;72,01;
MG;3144672;Nova Belém;;;59,504;64,472;71,06;
MG;3144706;Nova Era;46,91;56,77;65,707;73,618;74,48;
MG;3144805;Nova Lima;48,99;57,95;66,533;70,574;78,1;
MG;3144904;Nova Módica;50,32;54,39;63,143;66,718;71,72;
MG;3145000;Nova Ponte;55,04;57,59;67,73;74,607;75,08;
MG;3145059;Nova Porteirinha;;;65,233;67,878;73,63;
MG;3145109;Nova Resende;54,08;56,93;64,259;68,481;75,33;
MG;3145208;Nova Serrana;53,25;59,34;70,869;75,366;76,82;
MG;3145307;Novo Cruzeiro;50,94;59,85;61,948;64,187;72,83;
MG;3145356;Novo Oriente de Minas;;;58,588;62,648;70,26;
MG;3145372;Novorizonte;;;56,363;65,914;73,26;
MG;3145406;Olaria;53,91;57,63;62,031;66,089;74,37;
MG;3145455;Olhos-d'Água;;;64,577;71,531;73,72;
MG;3145505;Olímpio Noronha;53,37;58,95;66,69;72,828;73,56;
MG;3145604;Oliveira;53,58;57,64;68,924;71,993;75,51;
MG;3145703;Oliveira Fortes;58,48;60,13;66,322;68,688;72,61;
MG;3145802;Onça de Pitangui;50,8;57;69,404;74,381;73,33;
MG;3145851;Oratórios;;;58,032;63,357;74,42;
MG;3145877;Orizânia;;;62,668;64,392;71,67;
MG;3145901;Ouro Branco;55,65;57,48;66,618;71,231;77,31;
MG;3146008;Ouro Fino;50,58;55,35;69,642;74,571;76,66;
MG;3146107;Ouro Preto;51,72;56,47;64,225;70,261;75,03;
MG;3146206;Ouro Verde de Minas;40,72;55,25;55,535;60,65;72,35;
MG;3146255;Padre Carvalho;;;65,463;68,918;72,71;
MG;3146305;Padre Paraíso;42,43;52,73;63,669;67,638;72,83;
MG;3146404;Paineiras;49,97;61,27;66,89;73,897;74,41;
MG;3146503;Pains;53,35;62,14;68,59;74,357;77,43;
MG;3146552;Pai Pedro;;;56,339;61,197;70,62;
MG;3146602;Paiva;53,63;58,11;66,689;68,373;75,72;
MG;3146701;Palma;51,19;57,71;67,114;70,936;75,45;
MG;3146750;Palmópolis;;;61,357;65,44;69,29;
MG;3146909;Papagaios;53,84;59,73;68,016;68,431;74,96;
MG;3147006;Paracatu;55,28;56,34;64,971;70,66;76,22;
MG;3147105;Pará de Minas;54,01;58,83;69,404;74,76;75,87;
MG;3147204;Paraguaçu;52,42;57,66;65,416;73,964;75,98;
MG;3147303;Paraisópolis;47,4;57,77;69,631;72,849;76,11;
MG;3147402;Paraopeba;50,31;55,19;66,302;70,442;72,55;
MG;3147501;Passabém;49,46;58,43;65,543;67,777;72,23;
MG;3147600;Passa Quatro;47,14;56,67;65,485;72,828;76,59;
MG;3147709;Passa Tempo;52,62;62,64;68,259;71,993;73,46;
MG;3147808;Passa-Vinte;53,96;62,03;66,275;72,705;73,53;
MG;3147907;Passos;50,5;58,41;66,036;72,111;78,15;
MG;3147956;Patis;;;59,408;63,836;72,23;
MG;3148004;Patos de Minas;53,06;58,16;67,68;73,935;76,31;
MG;3148103;Patrocínio;52,55;61,1;68,665;74,367;76,14;
MG;3148202;Patrocínio do Muriaé;54,17;56,95;66,827;72,022;72,78;
MG;3148301;Paula Cândido;50,78;57,74;64,423;68,365;74,38;
MG;3148400;Paulistas;48,59;59,3;66,559;71,381;72,44;
MG;3148509;Pavão;44,34;55,24;65,925;69,76;73,77;
MG;3148608;Peçanha;47,7;54,98;60,333;62,287;72,23;
MG;3148707;Pedra Azul;48,53;52,77;62,48;65,781;72,79;
MG;3148756;Pedra Bonita;;;65,668;69,053;69,41;
MG;3148806;Pedra do Anta;47,35;56,8;55,327;64,542;74,26;
MG;3148905;Pedra do Indaiá;55,51;59;68,59;74,357;75,6;
MG;3149002;Pedra Dourada;50,92;54,89;65,702;68,401;74,64;
MG;3149101;Pedralva;53,7;56,36;66,851;70,901;73,39;
MG;3149150;Pedras de Maria da Cruz;;;63,726;65,35;72,22;
MG;3149200;Pedrinópolis;55,95;62,83;69,627;72,987;76,29;
MG;3149309;Pedro Leopoldo;48,01;56,12;71,029;74,001;76,33;
MG;3149408;Pedro Teixeira;52,13;58,2;62,603;66,089;72,61;
MG;3149507;Pequeri;49,27;60,54;62,414;68,373;77,05;
MG;3149606;Pequi;50,47;56,76;67,619;72,147;73,47;
MG;3149705;Perdigão;49,43;56,59;68,847;74,764;75,6;
MG;3149804;Perdizes;58,98;60,4;70,065;72,987;77,8;
MG;3149903;Perdões;51,27;57,66;68,133;74,697;77,69;
MG;3149952;Periquito;;;60,321;66,211;75,34;
MG;3150000;Pescador;47,93;55,46;63,143;68,692;74,85;
MG;3150109;Piau;54,02;57,63;68,045;71,582;74,42;
MG;3150158;Piedade de Caratinga;;;64,128;66,368;71,37;
MG;3150208;Piedade de Ponte Nova;45,8;57,5;57,59;63,134;73,14;
MG;3150307;Piedade do Rio Grande;49,7;60,97;64,389;67,396;74,22;
MG;3150406;Piedade dos Gerais;50,18;56,25;65,381;69,199;75,42;
MG;3150505;Pimenta;56,05;57,97;68,59;73,004;74,93;
MG;3150539;Pingo-d'Água;;;66,677;68,413;69,63;
MG;3150570;Pintópolis;;;61,687;65,059;72,96;
MG;3150604;Piracema;49,72;59,51;65,792;69,195;73,54;
MG;3150703;Pirajuba;53,23;59,14;70,211;73,349;76,46;
MG;3150802;Piranga;53,12;56,58;66,86;67,416;72,96;
MG;3150901;Piranguçu;47,83;56,15;66,424;70,862;73,36;
MG;3151008;Piranguinho;47,62;61,07;66,424;70,862;75,45;
MG;3151107;Pirapetinga;52,91;61,19;67,365;71,099;75,45;
MG;3151206;Pirapora;45,24;54,66;66,672;69,43;74,65;
MG;3151305;Piraúba;51,65;57,82;67,879;73,706;75,56;
MG;3151404;Pitangui;50,19;56,43;69,404;75,21;77,22;
MG;3151503;Piumhi;55,11;60,54;67,176;74,072;77,7;
MG;3151602;Planura;50,64;56,1;69,162;72,83;76,1;
MG;3151701;Poço Fundo;55,66;57,07;67,519;72,883;76,95;
MG;3151800;Poços de Caldas;50,9;56,87;71,475;75,983;77,31;
MG;3151909;Pocrane;49,52;59,81;66,872;69,484;72,91;
MG;3152006;Pompéu;50,04;57,36;67,681;69,606;75,05;
MG;3152105;Ponte Nova;46,55;56,44;64,246;69,826;75,9;
MG;3152131;Ponto Chique;;;63,178;67,038;72,81;
MG;3152170;Ponto dos Volantes;;;61,948;64,187;71,88;
MG;3152204;Porteirinha;47,49;54,99;60,578;61,842;72,74;
MG;3152303;Porto Firme;53,96;57,26;66,86;70,015;73,26;
MG;3152402;Poté;45,17;55,24;58,16;64,8;73,52;
MG;3152501;Pouso Alegre;51,89;57,26;70,986;73,199;77,33;
MG;3152600;Pouso Alto;48,4;59,35;68,14;71,629;75,81;
MG;3152709;Prados;49,09;55,7;67,9;71,075;76,89;
MG;3152808;Prata;57,17;60,42;65,521;70,423;76,12;
MG;3152907;Pratápolis;51,26;60,48;69,058;72,529;76,74;
MG;3153004;Pratinha;56,56;60,4;67,73;74,607;77,24;
MG;3153103;Presidente Bernardes;50,8;56,8;64,78;71,13;73,23;
MG;3153202;Presidente Juscelino;55,37;57,34;62,083;65,214;72,74;
MG;3153301;Presidente Kubitschek;44,24;56,25;64,979;66,234;72,22;
MG;3153400;Presidente Olegário;53,26;57,55;64,76;69,113;74,88;
MG;3153509;Alto Jequitibá;47,28;57,25;65,668;71,494;72,21;
MG;3153608;Prudente de Morais;49,69;56,81;68,057;70,974;72,7;
MG;3153707;Quartel Geral;54,73;58,09;65,006;69,766;75,74;
MG;3153806;Queluzito;53,74;57,48;65,244;70,637;74,39;
MG;3153905;Raposos;42,41;57,8;68,541;70,066;74,9;
MG;3154002;Raul Soares;50,3;56,73;67,759;69,826;74,36;
MG;3154101;Recreio;50,84;59,77;67,365;71,125;75,45;
MG;3154150;Reduto;;;60,919;69,675;73,08;
MG;3154200;Resende Costa;50,66;56,14;63,629;69,14;74,4;
MG;3154309;Resplendor;51,43;56,21;67,566;70,004;74,99;
MG;3154408;Ressaquinha;48,32;60,46;63,044;70,501;75,01;
MG;3154457;Riachinho;;;66,672;71,8;72,71;
MG;3154507;Riacho dos Machados;46,7;54,99;60,578;61,842;73,45;
MG;3154606;Ribeirão das Neves;48,59;54,66;65,638;71,383;74,31;
MG;3154705;Ribeirão Vermelho;56,06;61,02;64,671;70,675;76,01;
MG;3154804;Rio Acima;49,9;56,12;61,411;69,115;77,22;
MG;3154903;Rio Casca;49,51;54,48;61,585;66,366;73,79;
MG;3155009;Rio Doce;48,39;56,44;60,918;66,347;73,07;
MG;3155108;Rio do Prado;45,48;53,27;61,357;64,476;73,4;
MG;3155207;Rio Espera;48,42;55,19;65,281;66,121;73,03;
MG;3155306;Rio Manso;50,18;56,25;65,381;68,861;73,11;
MG;3155405;Rio Novo;56,73;59,79;68,595;72,027;75,07;
MG;3155504;Rio Paranaíba;52,37;61,11;69,156;71,488;76,28;
MG;3155603;Rio Pardo de Minas;52,13;54,9;61,217;66,767;72,85;
MG;3155702;Rio Piracicaba;51,88;58,92;62,044;67,398;72,63;
MG;3155801;Rio Pomba;55,22;58,7;68,974;73,397;76,77;
MG;3155900;Rio Preto;53,38;54,66;68,595;71,582;75,84;
MG;3156007;Rio Vermelho;51,73;55,9;62,279;64,041;72,23;
MG;3156106;Ritápolis;50,33;53,72;61,738;67,749;73,91;
MG;3156205;Rochedo de Minas;52,13;60,3;68,045;72,027;75,92;
MG;3156304;Rodeiro;57,98;59,79;67,531;71,275;72,84;
MG;3156403;Romaria;53;59,64;66,134;70,583;73,78;
MG;3156452;Rosário da Limeira;;;66,827;70,734;73,69;
MG;3156502;Rubelita;51,49;54,93;63,257;69,113;73,46;
MG;3156601;Rubim;50,28;55,35;56,877;61,379;73,99;
MG;3156700;Sabará;50,59;55,24;64,064;70,688;74,99;
MG;3156809;Sabinópolis;51,77;56,9;66,827;69,661;73,71;
MG;3156908;Sacramento;55,39;61,99;68,613;73,334;77,25;
MG;3157005;Salinas;49,82;54,9;65,439;69,365;73,9;
MG;3157104;Salto da Divisa;41,68;53,09;62,211;64,686;75,74;
MG;3157203;Santa Bárbara;46,34;56,31;65,707;69,518;73,97;
MG;3157252;Santa Bárbara do Leste;;;62,786;70,073;73,01;
MG;3157278;Santa Bárbara do Monte Verde;;;62,031;66,089;74,37;
MG;3157302;Santa Bárbara do Tugúrio;44,69;56,59;61,213;65,336;73,57;
MG;3157336;Santa Cruz de Minas;;;64,561;71,31;75,35;
MG;3157377;Santa Cruz de Salinas;;;56,363;60,282;70,41;
MG;3157401;Santa Cruz do Escalvado;48,61;57,4;62,811;66,347;73,91;
MG;3157500;Santa Efigênia de Minas;48,94;55,43;63,267;69,203;72,57;
MG;3157609;Santa Fé de Minas;54,15;58,02;59,565;63,272;73,26;
MG;3157658;Santa Helena de Minas;;;61,788;62,633;68,37;
MG;3157708;Santa Juliana;58,95;63,36;71,475;72,987;77,06;
MG;3157807;Santa Luzia;45,59;55,17;64,064;69,464;76,52;
MG;3157906;Santa Margarida;50,39;54,92;60,744;65,296;72,07;
MG;3158003;Santa Maria de Itabira;47,7;56,77;62,742;65,938;74,24;
MG;3158102;Santa Maria do Salto;47,29;53,59;61,357;63,528;70,92;
MG;3158201;Santa Maria do Suaçuí;49,5;52,04;57,94;62,679;74,03;
MG;3158300;Santana da Vargem;52,84;58,03;63,789;70,466;75,98;
MG;3158409;Santana de Cataguases;51,39;60,34;65,762;71,125;72,58;
MG;3158508;Santana de Pirapama;54,12;59,1;62,488;66,824;73,93;
MG;3158607;Santana do Deserto;53,25;57,63;68,045;71,461;75,93;
MG;3158706;Santana do Garambéu;49,88;60,79;64,561;66,38;74,32;
MG;3158805;Santana do Jacaré;50,87;54,58;65,672;68,38;72,37;
MG;3158904;Santana do Manhuaçu;50,74;58,25;60,771;65,032;73,53;
MG;3158953;Santana do Paraíso;;;63,428;67,655;77,66;
MG;3159001;Santana do Riacho;48,1;56,76;63,467;65,616;75,02;
MG;3159100;Santana dos Montes;53,71;57,48;64,112;67,575;73,04;
MG;3159209;Santa Rita de Caldas;55,62;57,31;67,564;72,383;74,36;
MG;3159308;Santa Rita de Jacutinga;51,52;62,45;68,045;70,842;74,58;
MG;3159357;Santa Rita de Minas;;;61,767;65,318;72,48;
MG;3159407;Santa Rita de Ibitipoca;53,41;57,2;66,689;68,688;72,6;
MG;3159506;Santa Rita do Itueto;51,07;58,31;63,924;70,004;71,76;
MG;3159605;Santa Rita do Sapucaí;47,35;54,58;68,245;72,5;74,8;
MG;3159704;Santa Rosa da Serra;48,95;58,84;66,863;72,366;76,95;
MG;3159803;Santa Vitória;51,62;58,99;68,462;72,207;76,88;
MG;3159902;Santo Antônio do Amparo;53,95;58,9;65,307;69,195;74,39;
MG;3160009;Santo Antônio do Aventureiro;53,95;60,34;62,535;68,575;75,45;
MG;3160108;Santo Antônio do Grama;45,12;56,44;64,613;66,347;74,36;
MG;3160207;Santo Antônio do Itambé;48,99;55,9;63,212;67,718;72,65;
MG;3160306;Santo Antônio do Jacinto;47,28;53,59;58,174;65,805;71,33;
MG;3160405;Santo Antônio do Monte;52,59;59,34;68,847;72,096;75,37;
MG;3160454;Santo Antônio do Retiro;;;56,363;65,914;72,03;
MG;3160504;Santo Antônio do Rio Abaixo;53,98;55,02;63,527;67,777;74,39;
MG;3160603;Santo Hipólito;54,72;56,63;63,975;66,318;74,44;
MG;3160702;Santos Dumont;50,73;58,4;67,314;71,582;75,84;
MG;3160801;São Bento Abade;57,85;58,03;63,789;68,419;73,03;
MG;3160900;São Brás do Suaçuí;56,69;57,48;65,273;69,027;73,04;
MG;3160959;São Domingos das Dores;;;66,677;71,187;73,01;
MG;3161007;São Domingos do Prata;47,92;57,18;65,707;71,742;74,36;
MG;3161056;São Félix de Minas;;;59,504;64,472;72,68;
MG;3161106;São Francisco;49,33;55,56;65,381;69,205;73,26;
MG;3161205;São Francisco de Paula;53,26;59,32;65,326;69,195;73,69;
MG;3161304;São Francisco de Sales;55,25;57,38;69,643;73,897;77,01;
MG;3161403;São Francisco do Glória;50,75;56,95;63,492;68,401;74,96;
MG;3161502;São Geraldo;50,58;55,81;67,879;71,169;74,85;
MG;3161601;São Geraldo da Piedade;46,31;53,21;63,143;66,718;71,43;
MG;3161650;São Geraldo do Baixio;;;66,825;69,382;74,43;
MG;3161700;São Gonçalo do Abaeté;53,4;56,16;64,423;70,66;72,75;
MG;3161809;São Gonçalo do Pará;48,57;59,29;63,873;69,616;75,53;
MG;3161908;São Gonçalo do Rio Abaixo;49,54;54,6;60,622;67,398;72,52;
MG;3162005;São Gonçalo do Sapucaí;49,36;58,38;69,416;72,121;75,99;
MG;3162104;São Gotardo;53,7;58,71;65,856;72,502;76,27;
MG;3162203;São João Batista do Glória;53,7;58,92;68,223;73,287;75,69;
MG;3162252;São João da Lagoa;;;64,098;68,951;73,78;
MG;3162302;São João da Mata;50,04;56,36;69,594;74,588;74,29;
MG;3162401;São João da Ponte;50,25;58,15;64,098;67,038;72,17;
MG;3162450;São João das Missões;;;65,901;69,056;71,57;
MG;3162500;São João del Rei;49,44;55,18;67,113;74,577;76,57;
MG;3162559;São João do Manhuaçu;;;60,832;65,928;75,16;
MG;3162575;São João do Manteninha;;;59,504;64,472;73,3;
MG;3162609;São João do Oriente;52,96;56,44;61,767;65,318;73,32;
MG;3162658;São João do Pacuí;;;63,359;66,836;72,85;
MG;3162708;São João do Paraíso;49,39;55,76;61,854;70,436;73,46;
MG;3162807;São João Evangelista;49,06;54,5;59,425;66,756;73,37;
MG;3162906;São João Nepomuceno;55,41;58,97;64,842;70,595;75,98;
MG;3162922;São Joaquim de Bicas;;;61,411;64,908;75,62;
MG;3162948;São José da Barra;;;67,379;74,042;77,56;
MG;3162955;São José da Lapa;;;66,256;68,19;75,63;
MG;3163003;São José da Safira;46,13;55,46;56,355;59,463;70,91;
MG;3163102;São José da Varginha;51,77;55,78;69,404;73,897;76,41;
MG;3163201;São José do Alegre;50,18;56,36;66,851;70,901;75,2;
MG;3163300;São José do Divino;47,52;51,64;63,092;66,718;71,7;
MG;3163409;São José do Goiabal;49,41;56,63;57,333;64,38;73,83;
MG;3163508;São José do Jacuri;53,58;54,98;62,11;66,85;69,96;
MG;3163607;São José do Mantimento;46,26;58,16;65,668;68,424;74,36;
MG;3163706;São Lourenço;51,08;58,95;69,273;76,903;77,28;
MG;3163805;São Miguel do Anta;50,79;56,8;62,425;71,274;74,7;
MG;3163904;São Pedro da União;53,2;56,97;64,419;71,846;75,16;
MG;3164001;São Pedro dos Ferros;48,11;57,53;61,539;66,347;72,34;
MG;3164100;São Pedro do Suaçuí;48,11;54,98;62,48;66,85;72,08;
MG;3164209;São Romão;45,02;55,38;58,438;63,272;72,22;
MG;3164308;São Roque de Minas;55,45;58,94;67,176;73,91;75,27;
MG;3164407;São Sebastião da Bela Vista;50,04;56,36;66,642;70,858;75,87;
MG;3164431;São Sebastião da Vargem Alegre;;;59,421;64,392;74,64;
MG;3164472;São Sebastião do Anta;;;61,767;65,318;70,98;
MG;3164506;São Sebastião do Maranhão;46,24;55,93;56,341;62,679;73,94;
MG;3164605;São Sebastião do Oeste;54,33;62,53;66,874;73,084;74,9;
MG;3164704;São Sebastião do Paraíso;54,97;58,46;68,842;74,621;75,15;
MG;3164803;São Sebastião do Rio Preto;51,37;55,9;58,563;67,777;73,55;
MG;3164902;São Sebastião do Rio Verde;54,45;58,51;68,14;72,067;75,71;
MG;3165008;São Tiago;52,89;59,16;65,943;68,898;74,48;
MG;3165107;São Tomás de Aquino;53,2;56,97;68,842;72,248;77,46;
MG;3165206;São Thomé das Letras;48,09;55,38;64,811;68,419;73,03;
MG;3165305;São Vicente de Minas;51,58;59,07;66,275;73,236;75,72;
MG;3165404;Sapucaí-Mirim;50,85;54,02;66,927;73,834;75,49;
MG;3165503;Sardoá;53,04;55,43;66,559;69,617;73,71;
MG;3165537;Sarzedo;;;68,56;70,066;77,28;
MG;3165552;Setubinha;;;56,407;61,439;69,6;
MG;3165560;Sem-Peixe;;;60,03;66,347;74,57;
MG;3165578;Senador Amaral;;;67,225;70,045;74,25;
MG;3165602;Senador Cortes;49,5;57,53;66,689;71,582;75,05;
MG;3165701;Senador Firmino;52,19;63,51;67,879;71,902;74,75;
MG;3165800;Senador José Bento;52,41;58,3;69,625;74,396;74,41;
MG;3165909;Senador Modestino Gonçalves;50,03;56,25;61,896;62,679;71,94;
MG;3166006;Senhora de Oliveira;48,7;56,8;60,274;64,878;73,03;
MG;3166105;Senhora do Porto;49,93;55,43;60,767;66,756;73,1;
MG;3166204;Senhora dos Remédios;51,48;61,18;66,356;70,932;71,56;
MG;3166303;Sericita;49,87;56,68;58,637;63,357;71,56;
MG;3166402;Seritinga;50,78;59,37;64,531;70,64;76,17;
MG;3166501;Serra Azul de Minas;49,64;52,76;64,171;68,085;73,55;
MG;3166600;Serra da Saudade;52,76;57,73;64,182;71,301;76,78;
MG;3166709;Serra dos Aimorés;45,24;53;58,878;61,939;72,06;
MG;3166808;Serra do Salitre;55,73;60,66;68,36;70,583;76,11;
MG;3166907;Serrania;52,99;56,55;65,416;71,408;75;
MG;3166956;Serranópolis de Minas;;;62,661;68,008;71,38;
MG;3167004;Serranos;54,32;59,07;64,531;68,518;75,05;
MG;3167103;Serro;51,52;56,14;64,423;65,346;75,01;
MG;3167202;Sete Lagoas;51,34;56,25;69,933;70,563;75,37;
MG;3167301;Silveirânia;52,62;61,54;62,06;70,519;75,45;
MG;3167400;Silvianópolis;54,74;56,36;68,245;70,899;76,87;
MG;3167509;Simão Pereira;52,49;57,63;68,045;73,316;75,57;
MG;3167608;Simonésia;51,33;58,25;64,321;67,529;74,36;
MG;3167707;Sobrália;43,94;55,46;63,285;68,681;73,28;
MG;3167806;Soledade de Minas;49,7;61,95;68,14;75,173;74,88;
MG;3167905;Tabuleiro;51,65;57,82;67,879;70,519;74,27;
MG;3168002;Taiobeiras;51,52;53,91;65,439;71,948;73,9;
MG;3168051;Taparuba;;;61,354;70,004;72,91;
MG;3168101;Tapira;53,15;64,2;70,065;74,607;75,8;
MG;3168200;Tapiraí;54,83;59,36;67,176;72,325;75,84;
MG;3168309;Taquaraçu de Minas;53,42;56,77;66,61;72,64;74,06;
MG;3168408;Tarumirim;47,92;56,94;66,677;68,413;74,72;
MG;3168507;Teixeiras;50,96;57,41;60,373;66,121;73,26;
MG;3168606;Teófilo Otoni;46,01;55,24;63,39;69,76;74,45;
MG;3168705;Timóteo;49,2;55,75;71,475;75,71;75,14;
MG;3168804;Tiradentes;49,09;55,7;64,561;71,31;78,1;
MG;3168903;Tiros;53,05;59,25;67,68;73,251;76,13;
MG;3169000;Tocantins;51,35;60,79;66,389;73,592;72,99;
MG;3169059;Tocos do Moji;;;69,625;70,665;73,49;
MG;3169109;Toledo;50,88;58,07;68,489;70,665;73,14;
MG;3169208;Tombos;52,3;56,84;68,059;71,833;77,23;
MG;3169307;Três Corações;50,79;58,03;67,372;70,996;76,28;
MG;3169356;Três Marias;51,6;57,58;68,044;73,859;76,93;
MG;3169406;Três Pontas;53,22;56,35;67,529;72,221;75,98;
MG;3169505;Tumiritinga;53,52;55,65;65,57;67,891;74,63;
MG;3169604;Tupaciguara;51,55;58,42;68,636;73,923;76,78;
MG;3169703;Turmalina;55,25;57,63;64,587;70,937;73,98;
MG;3169802;Turvolândia;50,04;61,73;69,594;73,479;74,71;
MG;3169901;Ubá;48,84;56,68;68,974;70,987;75,45;
MG;3170008;Ubaí;50,26;61,38;62,272;66,836;72,22;
MG;3170057;Ubaporanga;;;66,677;69,381;73,32;
MG;3170107;Uberaba;52,11;60,9;68,972;73,927;75,71;
MG;3170206;Uberlândia;54,38;61,01;70,453;73,112;78,09;
MG;3170305;Umburatiba;48,49;53;56,822;60,205;73,88;
MG;3170404;Unaí;53,6;57,91;66,834;74,748;75,83;
MG;3170438;União de Minas;;;62,805;67,541;74,73;
MG;3170479;Uruana de Minas;;;65,133;69,661;72,6;
MG;3170503;Urucânia;52,95;56,44;60,699;66,347;73,67;
MG;3170529;Urucuia;;;65,901;69,301;71,88;
MG;3170578;Vargem Alegre;;;66,677;70,073;74,12;
MG;3170602;Vargem Bonita;57,89;59,36;66,386;72,325;75,8;
MG;3170651;Vargem Grande do Rio Pardo;;;54,636;60,282;73,63;
MG;3170701;Varginha;51,88;60,77;70,14;73,997;77,49;
MG;3170750;Varjão de Minas;;;65,78;69,113;75,79;
MG;3170800;Várzea da Palma;47,75;56,24;62,871;68,824;73,83;
MG;3170909;Varzelândia;49,81;56,09;64,098;66,836;73,37;
MG;3171006;Vazante;54,88;57,8;64,703;67,093;76,96;
MG;3171030;Verdelândia;;;62,272;66,836;72,81;
MG;3171071;Veredinha;;;64,953;69,425;72,11;
MG;3171105;Veríssimo;51,37;61,71;70,554;74,209;77,16;
MG;3171154;Vermelho Novo;;;62,95;66,016;72,37;
MG;3171204;Vespasiano;50,24;56,12;65,156;68,681;73,65;
MG;3171303;Viçosa;48,83;54,19;64,288;70,369;77,96;
MG;3171402;Vieiras;55,12;57,3;64,098;67,681;73,47;
MG;3171501;Mathias Lobato;41,56;55,46;65,73;69,382;72,71;
MG;3171600;Virgem da Lapa;51,43;56;63,283;67,638;72,83;
MG;3171709;Virgínia;47,83;56,24;66,995;70,706;74,73;
MG;3171808;Virginópolis;51,69;55,15;59,916;67,891;74,86;
MG;3171907;Virgolândia;45,19;52,42;63,143;66,718;72,71;
MG;3172004;Visconde do Rio Branco;48,97;57,82;63,154;70,616;75,97;
MG;3172103;Volta Grande;52,04;62,67;67,365;68,575;75,45;
MG;3172202;Wenceslau Braz;49,14;57,82;66,424;69,573;75,53;
RJ;3300100;Angra dos Reis;48,88;57,72;67,391;69,138;75,75;
RJ;3300159;Aperibé;;;66,992;69,474;72,1;
RJ;3300209;Araruama;53,67;54,88;65,584;68,116;75,32;
RJ;3300225;Areal;;;67,916;70,063;74,35;
RJ;3300233;Armação dos Búzios;;;64,134;68,897;74,44;
RJ;3300258;Arraial do Cabo;;;67,018;68,868;73,31;
RJ;3300308;Barra do Piraí;51,43;56,66;66,148;68,631;74,14;
RJ;3300407;Barra Mansa;49,98;56,32;68,265;72,202;74,14;
RJ;3300456;Belford Roxo;;;62,818;67,637;73,5;
RJ;3300506;Bom Jardim;55;59,67;63,613;68,314;73,56;
RJ;3300605;Bom Jesus do Itabapoana;52,83;58,26;62,933;66,951;74,16;
RJ;3300704;Cabo Frio;52,21;55,64;67,018;70,839;75,16;
RJ;3300803;Cachoeiras de Macacu;53,12;59,61;66,101;70,334;74,01;
RJ;3300902;Cambuci;52,58;57,72;65,52;70,535;73,51;
RJ;3300936;Carapebus;;;64,752;67,629;73,3;
RJ;3300951;Comendador Levy Gasparian;;;67,916;68,826;72,11;
RJ;3301009;Campos dos Goytacazes;49,68;54,4;62,519;66,804;74,82;
RJ;3301108;Cantagalo;53,96;58,48;64,454;72,202;74,29;
RJ;3301157;Cardoso Moreira;;;63,881;67,039;71,93;
RJ;3301207;Carmo;51,01;56,92;64,76;70,482;73,77;
RJ;3301306;Casimiro de Abreu;47,55;57,93;67,114;71,095;73,64;
RJ;3301405;Conceição de Macabu;54,18;56,67;63,506;67,32;73,38;
RJ;3301504;Cordeiro;50,85;58,32;64,454;72,202;74,54;
RJ;3301603;Duas Barras;53,78;58,62;59,573;65,98;72,39;
RJ;3301702;Duque de Caxias;51,13;52,34;65,169;67,493;75;
RJ;3301801;Engenheiro Paulo de Frontin;50,52;56,44;65,364;66,484;73,32;
RJ;3301850;Guapimirim;;;60,599;66,414;73,69;
RJ;3301876;Iguaba Grande;;;67,018;70,934;75,44;
RJ;3301900;Itaboraí;51,5;55,14;62,774;67,497;73,75;
RJ;3302007;Itaguaí;52,96;56,05;64,106;68,428;73,84;
RJ;3302056;Italva;;;64,548;65,975;72,52;
RJ;3302106;Itaocara;54;59,61;66,992;70,535;74,18;
RJ;3302205;Itaperuna;52,18;57,95;67,146;73,011;75,24;
RJ;3302254;Itatiaia;;;70,321;71,955;75,16;
RJ;3302270;Japeri;;;62,564;66,655;73,51;
RJ;3302304;Laje do Muriaé;55,9;58,26;62,933;66,951;72,97;
RJ;3302403;Macaé;51,22;56,67;64,752;67,629;74,66;
RJ;3302452;Macuco;;;61,416;70,523;73,03;
RJ;3302502;Magé;49,12;53,76;63,388;67,679;74,91;
RJ;3302601;Mangaratiba;49,82;58,83;65,705;69,403;75,71;
RJ;3302700;Maricá;52,27;57,81;68,641;69,506;75,99;
RJ;3302809;Mendes;51,02;57,76;64,192;66,492;73,36;
RJ;3302858;Mesquita;;;;;75,31;
RJ;3302908;Miguel Pereira;51,85;57,56;64,021;66,492;74,68;
RJ;3303005;Miracema;53,14;56,63;63,799;65,975;73,32;
RJ;3303104;Natividade;48,67;59,46;62,933;66,364;73,36;
RJ;3303203;Nilópolis;50,64;57,17;66,101;67,493;73,99;
RJ;3303302;Niterói;52,52;58,49;68,031;73,493;76,23;
RJ;3303401;Nova Friburgo;53,43;58,34;66,907;72,264;75,77;
RJ;3303500;Nova Iguaçu;51,13;54,2;65,486;67,99;74,08;
RJ;3303609;Paracambi;48,95;56,03;64,021;67,462;73,73;
RJ;3303708;Paraíba do Sul;52,99;58,21;70,027;71,355;73,7;
RJ;3303807;Parati;51,12;62,19;70,089;71,355;75,52;
RJ;3303856;Paty do Alferes;;;64,021;66,492;73,34;
RJ;3303906;Petrópolis;49,58;56,6;68,119;70,063;75,79;
RJ;3303955;Pinheiral;;;68,811;72,338;73,03;
RJ;3304003;Piraí;50,25;58,02;67,903;70,002;73,16;
RJ;3304102;Porciúncula;53,72;58,26;62,448;69,39;73,11;
RJ;3304110;Porto Real;;;64,69;66,492;74,01;
RJ;3304128;Quatis;;;67,085;74,069;73,38;
RJ;3304144;Queimados;;;62,818;66,414;73,58;
RJ;3304151;Quissamã;;;64,752;67,629;74,23;
RJ;3304201;Resende;49,8;56,32;68,267;70,002;75,31;
RJ;3304300;Rio Bonito;49,86;59,09;68,3;71,355;74,16;
RJ;3304409;Rio Claro;52,31;56,32;67,341;70,002;73,07;
RJ;3304508;Rio das Flores;50,59;57,28;65,662;68,542;74,32;
RJ;3304524;Rio das Ostras;;;67,114;67,866;76,26;
RJ;3304557;Rio de Janeiro;52,51;57,98;67,85;70,26;75,69;
RJ;3304607;Santa Maria Madalena;53,63;60,39;68,158;69,957;72,79;
RJ;3304706;Santo Antônio de Pádua;53,36;58,54;68,954;70,535;73,33;
RJ;3304755;São Francisco de Itabapoana;;;65,906;69,066;72,44;
RJ;3304805;São Fidélis;54,24;54,4;65,605;69,066;72,21;
RJ;3304904;São Gonçalo;53,31;56,53;66,185;69,506;74,96;
RJ;3305000;São João da Barra;50,48;54,4;68,542;69,232;73,02;
RJ;3305109;São João de Meriti;51,13;54,4;65,169;69,649;74,87;
RJ;3305133;São José de Ubá;;;66,172;68,826;72,88;
RJ;3305158;São José do Vale do Rio Preto;;;65,551;67,399;73,33;
RJ;3305208;São Pedro da Aldeia;53,65;55,64;67,018;70,839;73,03;
RJ;3305307;São Sebastião do Alto;54,72;61,48;68,158;70,179;72,35;
RJ;3305406;Sapucaia;54;56,29;65,821;68,826;73,26;
RJ;3305505;Saquarema;52,63;58,63;66,062;68,976;73,26;
RJ;3305554;Seropédica;;;65,075;67,739;73,3;
RJ;3305604;Silva Jardim;47,2;57,47;66,681;69,577;72,6;
RJ;3305703;Sumidouro;51,89;57,26;63,643;69,808;72,78;
RJ;3305752;Tanguá;;;62,72;66,414;72,55;
RJ;3305802;Teresópolis;50,28;55,89;63,964;70,063;76,27;
RJ;3305901;Trajano de Morais;57,46;60,84;68,158;69,957;73,77;
RJ;3306008;Três Rios;52,62;56,29;68,653;70,063;73,03;
RJ;3306107;Valença;49,96;58,57;66,257;68,542;75,85;
RJ;3306156;Varre-Sai;;;60,761;62,174;73,58;
RJ;3306206;Vassouras;50,63;56,03;61,901;69,723;73,79;
RJ;3306305;Volta Redonda;50,85;56,32;69,048;70,804;74,98;
RJ;3399919;Sâo João Marcos;;;;;;
RJ;3399929;São Sebastião do Parahyba;;;;;;
SP;3500105;Adamantina;56,02;62,49;68,867;71,711;76,13;
SP;3500204;Adolfo;56,75;61,16;72,47;76,773;75,62;
SP;3500303;Aguaí;54,43;60,84;68,142;71,553;76,49;
SP;3500402;Águas da Prata;53,5;62,02;71,478;73,112;78,13;
SP;3500501;Águas de Lindóia;53,77;58,61;70,754;73,728;75,76;
SP;3500550;Águas de Santa Bárbara;50,11;57,7;67,849;75,463;75,41;
SP;3500600;Águas de São Pedro;55,77;58,7;73,632;77,439;78,37;
SP;3500709;Agudos;56,05;58,64;68,071;70,793;75,67;
SP;3500758;Alambari;;;66,292;68,707;73,27;
SP;3500808;Alfredo Marcondes;52,59;61,43;71,89;76,194;75,41;
SP;3500907;Altair;51,86;61,25;72,47;73,53;73;
SP;3501004;Altinópolis;56,9;58,96;72,481;75,124;75,57;
SP;3501103;Alto Alegre;59,14;66,2;70,547;73,078;74;
SP;3501152;Alumínio;;;65,13;69,034;75,47;
SP;3501202;Álvares Florence;58,97;62,39;69,968;71,916;73,35;
SP;3501301;Álvares Machado;54,64;61,22;70,103;70,781;75,03;
SP;3501400;Álvaro de Carvalho;50;56,61;66,378;69,865;73,31;
SP;3501509;Alvinlândia;52,12;59,44;69,423;69,944;72,48;
SP;3501608;Americana;56,6;61,55;71,087;72,461;77,55;
SP;3501707;Américo Brasiliense;51,7;62,07;72,183;73,186;76,12;
SP;3501806;Américo de Campos;56,18;64,84;69,968;71,787;74,04;
SP;3501905;Amparo;54,17;58,4;66,994;69,756;77,27;
SP;3502002;Analândia;54,46;59,45;71,613;73,298;76,66;
SP;3502101;Andradina;51,95;59,76;69,099;70,767;78,07;
SP;3502200;Angatuba;55,39;61,35;66,426;69,453;74,6;
SP;3502309;Anhembi;55,32;58,6;68,949;71,668;76,78;
SP;3502408;Anhumas;48,74;61,54;69,379;71,977;75,67;
SP;3502507;Aparecida;50,65;55,86;70,637;72,029;74,67;
SP;3502606;Aparecida d'Oeste;54,84;58,33;68,516;72,09;73,25;
SP;3502705;Apiaí;51,45;55,72;62,565;65,409;75,07;
SP;3502754;Araçariguama;;;65,459;69,034;73,86;
SP;3502804;Araçatuba;54,33;59,02;70,5;74,517;75,46;
SP;3502903;Araçoiaba da Serra;54,18;59,89;68,307;71,101;76,61;
SP;3503000;Aramina;57,61;61,36;70,581;74,186;76,34;
SP;3503109;Arandu;46,18;57,7;60,256;67,454;73,36;
SP;3503158;Arapeí;;;60,063;65,568;73,72;
SP;3503208;Araraquara;56,42;62,02;70,117;72,166;77,64;
SP;3503307;Araras;57,08;61,66;70,029;74,605;76,55;
SP;3503356;Arco-Íris;;;65,083;67,956;73,52;
SP;3503406;Arealva;54,4;62,49;68,997;73,212;75,37;
SP;3503505;Areias;54,82;61,79;60,063;65,568;73,18;
SP;3503604;Areiópolis;48,72;58,64;68,021;69,737;74,37;
SP;3503703;Ariranha;59,38;65,06;70,934;72,18;73,75;
SP;3503802;Artur Nogueira;56,71;60,18;70,832;73,035;74,63;
SP;3503901;Arujá;47,66;54,89;67,297;68,641;76,95;
SP;3503950;Aspásia;;;63,332;69,802;76,83;
SP;3504008;Assis;51,14;58,71;69,522;73,582;76,91;
SP;3504107;Atibaia;52,32;55,31;70,103;73,079;76,03;
SP;3504206;Auriflama;48,71;59,33;70,567;72,089;75,41;
SP;3504305;Avaí;54,2;58,64;62,785;69,356;74,77;
SP;3504404;Avanhandava;50,61;54,56;68,933;70,919;74;
SP;3504503;Avaré;48,1;59,41;70,822;72,087;76,97;
SP;3504602;Bady Bassitt;57,54;60,66;70,871;73,53;73,31;
SP;3504701;Balbinos;55,36;58,64;68,108;70,793;73,55;
SP;3504800;Bálsamo;56,75;63,25;68,016;73,283;75,08;
SP;3504909;Bananal;50,65;57,57;62,785;67,101;77,29;
SP;3505005;Barão de Antonina;50,02;56,38;57,68;65,27;74,22;
SP;3505104;Barbosa;49,41;61,82;66,637;68,041;75,57;
SP;3505203;Bariri;56,59;64,93;70,573;73,735;77,04;
SP;3505302;Barra Bonita;57,63;61,6;70,7;73,735;77,12;
SP;3505351;Barra do Chapéu;;;60,084;60,995;71,72;
SP;3505401;Barra do Turvo;50,51;57,05;63,633;65,203;72,53;
SP;3505500;Barretos;55,88;57,63;67,018;69,034;77,5;
SP;3505609;Barrinha;49,19;56,67;70,733;71,596;74,74;
SP;3505708;Barueri;51,04;55,36;69,786;71,347;76,96;
SP;3505807;Bastos;56;57,7;70,993;75,553;75,86;
SP;3505906;Batatais;55,63;65,62;70,993;74,198;75,41;
SP;3506003;Bauru;56,96;58,91;70,188;70,459;76,26;
SP;3506102;Bebedouro;56,29;61,81;72,72;74,476;76,16;
SP;3506201;Bento de Abreu;56,65;59,05;72,239;76,629;74,17;
SP;3506300;Bernardino de Campos;53,76;56,89;66,358;70,988;75,26;
SP;3506359;Bertioga;;;68,016;69,932;74,03;
SP;3506409;Bilac;58,73;64,73;72,744;74,955;75,7;
SP;3506508;Birigui;54,47;56,73;69,236;74,955;77,14;
SP;3506607;Biritiba-Mirim;48,55;56,96;65,199;69,33;72,7;
SP;3506706;Boa Esperança do Sul;54,46;56,98;65,052;70,231;73,63;
SP;3506805;Bocaina;56,02;59,84;70,7;76,205;75,41;
SP;3506904;Bofete;56,2;59,75;70,646;74,849;74,23;
SP;3507001;Boituva;52,07;61,08;68,054;71,436;76,67;
SP;3507100;Bom Jesus dos Perdões;48,18;55,3;66,273;70,73;73,1;
SP;3507159;Bom Sucesso de Itararé;;;58,004;65,203;71,49;
SP;3507209;Borá;46,84;59,15;71,849;75,972;76,77;
SP;3507308;Boracéia;57;59,89;66,227;73,735;76,93;
SP;3507407;Borborema;56;61,7;65,143;70,994;74,83;
SP;3507456;Borebi;;;68,021;70,793;75,73;
SP;3507506;Botucatu;55,32;58,28;68,949;71,451;77,13;
SP;3507605;Bragança Paulista;49,96;55,98;69,483;73,079;76,67;
SP;3507704;Braúna;54,47;58,44;70,547;74,955;74,77;
SP;3507753;Brejo Alegre;;;65,511;70,958;74,54;
SP;3507803;Brodowski;58,59;60,91;69,908;73,564;76,81;
SP;3507902;Brotas;56,58;63,97;72,696;75,653;73,9;
SP;3508009;Buri;55,93;57,45;63,543;65,267;72,94;
SP;3508108;Buritama;51,68;59,9;71,278;73,078;75,31;
SP;3508207;Buritizal;57;62,81;68,146;71,46;74,79;
SP;3508306;Cabrália Paulista;54,3;62,21;65,332;69,474;73,68;
SP;3508405;Cabreúva;53,39;57,07;65,13;71,135;74,67;
SP;3508504;Caçapava;52,99;60,31;68,639;74,883;76,5;
SP;3508603;Cachoeira Paulista;53,33;58,79;70,331;72,029;75,19;
SP;3508702;Caconde;51,05;57,02;68,601;72,857;76,45;
SP;3508801;Cafelândia;54,34;54,97;69,747;71,838;77,01;
SP;3508900;Caiabu;51,95;63,32;71,89;76,137;74,37;
SP;3509007;Caieiras;52,09;55,24;68,016;72,129;76,68;
SP;3509106;Caiuá;51,56;61,78;57,887;65,409;73,13;
SP;3509205;Cajamar;46,51;55,36;67,743;69,209;73,59;
SP;3509254;Cajati;;;71,398;73,849;74,89;
SP;3509304;Cajobi;57,87;62,44;70,934;72,362;74,32;
SP;3509403;Cajuru;55,93;65,71;68,021;71,357;74,52;
SP;3509452;Campina do Monte Alegre;;;66,228;68,707;75,77;
SP;3509502;Campinas;56,97;59,18;69,74;72,219;76,59;
SP;3509601;Campo Limpo Paulista;50,91;54,44;66,667;71,812;75,4;
SP;3509700;Campos do Jordão;52,59;60,58;69,118;75,732;76,1;
SP;3509809;Campos Novos Paulista;50,04;56,72;71,849;73,185;74,41;
SP;3509908;Cananéia;50,75;60,46;68,594;73,849;76,07;
SP;3509957;Canas;;;69,129;70,64;72,83;
SP;3510005;Cândido Mota;52,79;59,51;68,192;73,185;75,71;
SP;3510104;Cândido Rodrigues;56,1;61,35;69,043;71,251;76,79;
SP;3510153;Canitar;;;67,144;70,78;72,46;
SP;3510203;Capão Bonito;50,37;54,61;61,136;65,409;74,55;
SP;3510302;Capela do Alto;48,74;57,35;67,878;69,305;74,36;
SP;3510401;Capivari;53,35;59,12;71,31;73,727;75,89;
SP;3510500;Caraguatatuba;48,44;56,42;66,231;71,987;75,68;
SP;3510609;Carapicuíba;48,96;54,88;69,786;71,347;75,52;
SP;3510708;Cardoso;56,05;59,93;64,656;68,072;76,18;
SP;3510807;Casa Branca;54,85;58,96;68,162;73,377;75,08;
SP;3510906;Cássia dos Coqueiros;58,34;64,2;71,172;74,857;76,81;
SP;3511003;Castilho;51,64;59,29;68,267;72,288;74,63;
SP;3511102;Catanduva;51,64;61,98;73,118;75,376;76,2;
SP;3511201;Catiguá;56,6;62,44;68,51;75,376;76,12;
SP;3511300;Cedral;58,88;60,66;72,03;75,154;77,3;
SP;3511409;Cerqueira César;56,16;57,7;65,51;68,409;74,23;
SP;3511508;Cerquilho;52,07;59,96;70,082;73,687;76,21;
SP;3511607;Cesário Lange;55,72;58,51;68,054;72,076;73,23;
SP;3511706;Charqueada;56,17;57,34;69,896;70,769;74,18;
SP;3511904;Clementina;56,73;60,46;69,582;75,42;74,25;
SP;3512001;Colina;57,97;60,19;70,048;76,712;75,71;
SP;3512100;Colômbia;56,44;58,03;67,018;69,95;73,13;
SP;3512209;Conchal;56,44;60,03;67,707;72,534;74,64;
SP;3512308;Conchas;54,22;58,6;68,949;71,451;75,19;
SP;3512407;Cordeirópolis;56,18;61,86;69,202;76,819;76,45;
SP;3512506;Coroados;50,22;59,83;72,744;75,072;73,96;
SP;3512605;Coronel Macedo;49,25;56,38;65,067;66,542;73,64;
SP;3512704;Corumbataí;58,2;62,11;69,994;71,173;75,43;
SP;3512803;Cosmópolis;58,08;58,88;69,508;72,198;77,57;
SP;3512902;Cosmorama;56,23;65,67;65,51;69,285;75,96;
SP;3513009;Cotia;52,12;58,11;70,254;71,688;76,05;
SP;3513108;Cravinhos;57,43;58,65;69,968;74,348;76,44;
SP;3513207;Cristais Paulista;55,57;61,84;67,76;70,362;73,11;
SP;3513306;Cruzália;56,9;66,29;69,522;72,695;76,18;
SP;3513405;Cruzeiro;52,48;58,41;67,18;71,792;77,28;
SP;3513504;Cubatão;51,68;56,79;65,015;68,321;74,23;
SP;3513603;Cunha;49,43;56,03;66,137;71,692;74,54;
SP;3513702;Descalvado;57,7;63,94;73,188;74,423;76,92;
SP;3513801;Diadema;51;56,74;68,121;69,929;75,65;
SP;3513850;Dirce Reis;;;63,332;69,802;75,54;
SP;3513900;Divinolândia;51,91;58,79;68,667;73,925;75,97;
SP;3514007;Dobrada;52,35;65,17;70,005;71,342;74,1;
SP;3514106;Dois Córregos;54,92;59,49;68,166;71,407;76,17;
SP;3514205;Dolcinópolis;53,24;58,83;70,607;72,226;74,5;
SP;3514304;Dourado;55,68;61,99;70,086;71,986;73,66;
SP;3514403;Dracena;53,15;60,88;66,67;70,175;75,51;
SP;3514502;Duartina;51,9;57,37;68,021;70,793;75,24;
SP;3514601;Dumont;56,85;60,54;69,908;72,666;75,91;
SP;3514700;Echaporã;53,8;58,95;71,383;72,895;75,01;
SP;3514809;Eldorado;54,76;57,05;64,693;69,57;75,82;
SP;3514908;Elias Fausto;55,48;58,21;67,588;71,91;74,32;
SP;3514924;Elisiário;;;70,934;72,058;74,51;
SP;3514957;Embaúba;;;70,797;70,926;75,42;
SP;3515004;Embu;51,16;55,82;68,076;69,992;75,33;
SP;3515103;Embu-Guaçu;49,37;56,01;66,734;74,401;75,01;
SP;3515129;Emilianópolis;;;66,595;69,361;73,28;
SP;3515152;Engenheiro Coelho;;;71,647;72,561;73,87;
SP;3515186;Espírito Santo do Pinhal;55,78;57,46;71,751;73,977;77,31;
SP;3515194;Espírito Santo do Turvo;;;65,015;70,78;74,12;
SP;3515202;Estrela d'Oeste;58,31;62,18;69,107;74,423;77,4;
SP;3515301;Estrela do Norte;47,71;58,98;71,89;73,957;74,1;
SP;3515350;Euclides da Cunha Paulista;;;69,479;71,977;73,13;
SP;3515400;Fartura;55,13;58,14;66,155;70,949;77,02;
SP;3515509;Fernandópolis;56,25;60,33;72,081;75,824;77,31;
SP;3515608;Fernando Prestes;58,85;61,35;66,545;69,731;76,55;
SP;3515657;Fernão;;;64,109;69,865;75,55;
SP;3515707;Ferraz de Vasconcelos;50,68;54,59;65,199;70,327;74,65;
SP;3515806;Flora Rica;55,39;60,83;68,867;71,095;72,74;
SP;3515905;Floreal;56,37;61,56;69,986;74,217;73,49;
SP;3516002;Flórida Paulista;56,09;63,22;70,644;72,423;73,44;
SP;3516101;Florínia;56,19;58,32;71,446;72,695;74,19;
SP;3516200;Franca;55,27;62,04;71,739;73,029;75,5;
SP;3516309;Francisco Morato;49,9;54,91;65,015;68,017;73,91;
SP;3516408;Franco da Rocha;52,45;54,91;68,016;70,976;76,09;
SP;3516507;Gabriel Monteiro;54,47;57,59;68,232;69,76;73,54;
SP;3516606;Gália;49,76;59,44;64,706;69,865;74,36;
SP;3516705;Garça;50,92;59,44;68,213;71,374;75,93;
SP;3516804;Gastão Vidigal;54,33;59,67;66,271;70,268;74,03;
SP;3516853;Gavião Peixoto;;;70,005;71,342;73,14;
SP;3516903;General Salgado;55,75;62,11;67,271;68,599;73,5;
SP;3517000;Getulina;55,96;58,67;70,715;71,838;73,76;
SP;3517109;Glicério;54,47;57,77;66,886;69,76;76,47;
SP;3517208;Guaiçara;51,18;54,61;68,768;72,027;76,16;
SP;3517307;Guaimbê;53,11;56,85;69,527;71,657;74,77;
SP;3517406;Guaíra;53,15;60,75;68,238;75,934;74,46;
SP;3517505;Guapiaçu;56,75;58,01;68,016;75,911;76,93;
SP;3517604;Guapiara;53,11;54,72;60,084;66,279;73,37;
SP;3517703;Guará;54,68;60,15;68,146;70,894;74,55;
SP;3517802;Guaraçaí;54,21;55;68,267;70,767;73,2;
SP;3517901;Guaraci;55,13;63,48;67,016;69,244;75,37;
SP;3518008;Guarani d'Oeste;56,38;59,8;67,735;71,165;73,34;
SP;3518107;Guarantã;56,11;58,81;65,023;66,781;74,93;
SP;3518206;Guararapes;53,07;58,04;72,741;74,578;75,39;
SP;3518305;Guararema;49,16;54,59;66,216;72,496;74,03;
SP;3518404;Guaratinguetá;51,8;57,3;69,05;70,64;78,17;
SP;3518503;Guareí;54,51;57,43;63,036;70,295;73,27;
SP;3518602;Guariba;54,45;59,49;68,028;69,731;73,63;
SP;3518701;Guarujá;50,32;55,09;65,015;69,932;76,23;
SP;3518800;Guarulhos;52,18;54,94;68,016;69,268;74,83;
SP;3518859;Guatapará;;;69,941;72,531;74,34;
SP;3518909;Guzolândia;48,68;61,49;64,494;69,337;73,49;
SP;3519006;Herculândia;54,86;56,03;64,756;67,956;73,52;
SP;3519055;Holambra;;;69,508;73,298;77,66;
SP;3519071;Hortolândia;;;69,549;72,198;76,51;
SP;3519105;Iacanga;55,09;60,17;69,953;72,183;76,03;
SP;3519204;Iacri;57,63;63,01;67,147;74,279;76,42;
SP;3519253;Iaras;;;65,327;67,93;75,87;
SP;3519303;Ibaté;54,41;63,07;70,222;73,763;73,81;
SP;3519402;Ibirá;56,75;61,15;70,855;75,975;75,48;
SP;3519501;Ibirarema;55,92;61,99;67,714;70,771;74,03;
SP;3519600;Ibitinga;56,86;61,52;70,005;71,557;75,76;
SP;3519709;Ibiúna;50,15;57,46;63,31;69,774;74,91;
SP;3519808;Icém;54,03;58,4;66,106;68,121;73,34;
SP;3519907;Iepê;51,68;56,5;66,855;68,16;73,85;
SP;3520004;Igaraçu do Tietê;53,32;57,03;68,571;71,407;75,3;
SP;3520103;Igarapava;57,95;64,67;68,146;70,894;75,08;
SP;3520202;Igaratá;48,66;58,88;70,34;71,455;76,28;
SP;3520301;Iguape;50;57,81;67,674;68,198;75,84;
SP;3520400;Ilhabela;57,18;58,25;66,231;70,652;75,56;
SP;3520426;Ilha Comprida;;;65,827;72,195;74,36;
SP;3520442;Ilha Solteira;;;71,304;75,8;77,24;
SP;3520509;Indaiatuba;56,71;59,36;69,835;72,889;75,22;
SP;3520608;Indiana;52,89;60,11;65,214;72,186;75,56;
SP;3520707;Indiaporã;56,85;60,79;65,987;71,165;75,11;
SP;3520806;Inúbia Paulista;55,68;60,34;72,076;75,972;75,95;
SP;3520905;Ipaussu;50,58;57,49;70,711;74,898;74,66;
SP;3521002;Iperó;51,72;60,71;70,041;72,417;73,86;
SP;3521101;Ipeúna;56,34;60,31;68,157;71,173;75,7;
SP;3521150;Ipiguá;;;72,47;74,764;75,33;
SP;3521200;Iporanga;45,53;54,61;63,633;66,279;73,96;
SP;3521309;Ipuã;53,46;60,6;66,341;71,986;75,9;
SP;3521408;Iracemápolis;56,18;60,03;72,081;74,605;76,76;
SP;3521507;Irapuã;50,89;59,83;70,315;73,581;75,63;
SP;3521606;Irapuru;55,4;60,96;68,301;72,312;75,33;
SP;3521705;Itaberá;51,08;55,02;63,892;69,071;73,18;
SP;3521804;Itaí;52,1;57,48;66,854;68,409;74,77;
SP;3521903;Itajobi;55,65;64,95;72,111;76,317;74,94;
SP;3522000;Itaju;61,43;62,28;70,7;76,545;74,39;
SP;3522109;Itanhaém;51,2;57,63;65,522;69,651;74,36;
SP;3522158;Itaóca;;;60,084;60,995;72,2;
SP;3522208;Itapecerica da Serra;50,72;56,01;66,734;70,687;76,09;
SP;3522307;Itapetininga;53,07;56,8;66,292;69,877;76,86;
SP;3522406;Itapeva;48,31;56,38;63,332;66,542;73,18;
SP;3522505;Itapevi;49,92;55,36;67,743;69,209;76,28;
SP;3522604;Itapira;54,62;59,51;70,114;70,735;76,1;
SP;3522653;Itapirapuã Paulista;;;58,303;60,995;73,96;
SP;3522703;Itápolis;57,09;61,75;68,313;71,342;75,14;
SP;3522802;Itaporanga;50,67;58,94;63,77;65,267;75,11;
SP;3522901;Itapuí;59,44;60,22;66,676;71,407;75,47;
SP;3523008;Itapura;52,58;59,29;68,904;70,767;73,75;
SP;3523107;Itaquaquecetuba;49,61;54,53;65,199;67,101;75,66;
SP;3523206;Itararé;47,21;54,45;63,332;65,267;73,18;
SP;3523305;Itariri;54,77;57,18;65,732;68,299;75,21;
SP;3523404;Itatiba;57,73;60,22;69,483;73,079;75,64;
SP;3523503;Itatinga;48,28;57,6;67,357;70,899;75,44;
SP;3523602;Itirapina;58,2;61,54;68,157;69,774;73,77;
SP;3523701;Itirapuã;53,29;62,25;68,651;70,362;74,55;
SP;3523800;Itobi;51,83;60,87;66,88;73,925;74,19;
SP;3523909;Itu;51;56,34;68,205;71,527;76,23;
SP;3524006;Itupeva;53,53;58,02;70,699;71,812;75,63;
SP;3524105;Ituverava;56,15;62,81;65,022;69,699;75,47;
SP;3524204;Jaborandi;52,31;59,28;67,93;70,187;75,71;
SP;3524303;Jaboticabal;56,3;61,75;68,028;72,432;76,08;
SP;3524402;Jacareí;53,47;57,51;67,198;70,795;75,2;
SP;3524501;Jaci;56,75;60,55;72,47;73,808;74,05;
SP;3524600;Jacupiranga;49,35;57,54;66,714;69,57;74,89;
SP;3524709;Jaguariúna;53,37;57,61;69,508;75,36;76,74;
SP;3524808;Jales;53,13;57,18;68,026;72,147;76,32;
SP;3524907;Jambeiro;52,35;62,7;66,11;71,516;76,61;
SP;3525003;Jandira;51,17;54,19;69,786;71,347;75,46;
SP;3525102;Jardinópolis;56,57;61,6;69,908;73,484;76,15;
SP;3525201;Jarinu;50,22;56,7;64,478;67,246;74,53;
SP;3525300;Jaú;57,13;60,55;72,562;73,735;78,13;
SP;3525409;Jeriquara;51,24;62,25;68,3;70,362;73,86;
SP;3525508;Joanópolis;54,39;57,79;66,273;70,73;74,43;
SP;3525607;João Ramalho;56,25;59,39;70,728;74,784;74,1;
SP;3525706;José Bonifácio;55,74;61,48;71,935;75,42;77,14;
SP;3525805;Júlio Mesquita;47,54;55,96;64,44;71,575;73,76;
SP;3525854;Jumirim;;;72,107;73,727;76,75;
SP;3525904;Jundiaí;53,69;59,05;72,292;73,937;76,94;
SP;3526001;Junqueirópolis;53,82;57,65;63,521;70,516;76,61;
SP;3526100;Juquiá;49,86;57,05;63,897;68,334;74,36;
SP;3526209;Juquitiba;45,57;56,01;67,208;69,992;72,48;
SP;3526308;Lagoinha;49,3;58,48;66,137;71,692;72,82;
SP;3526407;Laranjal Paulista;52,07;61,16;65,512;71,729;74,73;
SP;3526506;Lavínia;55,65;61,25;66,81;69,479;74,17;
SP;3526605;Lavrinhas;49,91;57,55;65,634;72,029;74,38;
SP;3526704;Leme;57,56;60,8;68,777;72,568;76,05;
SP;3526803;Lençóis Paulista;54,71;57,86;68,021;73,433;75,19;
SP;3526902;Limeira;55,6;59,02;68,777;72,568;76,11;
SP;3527009;Lindóia;50,97;55,4;69,657;75,966;76,85;
SP;3527108;Lins;53,81;54,81;72,203;73,56;77,13;
SP;3527207;Lorena;51,18;56,95;67,77;70,64;76,35;
SP;3527256;Lourdes;;;65,511;68,041;73,96;
SP;3527306;Louveira;51,69;59,6;71,156;71,812;76,65;
SP;3527405;Lucélia;52,39;59,42;69,762;71,014;75,48;
SP;3527504;Lucianópolis;55,34;58,64;68,492;72,456;73,55;
SP;3527603;Luís Antônio;56,05;60,89;66,247;71,596;74,34;
SP;3527702;Luiziânia;54,83;61,48;70,547;73,078;73,88;
SP;3527801;Lupércio;49,85;59,49;64,109;69,87;74,81;
SP;3527900;Lutécia;53,68;58,19;67,041;69,911;75,75;
SP;3528007;Macatuba;56,09;57,41;68,166;71,962;76,52;
SP;3528106;Macaubal;55,84;63,38;70,516;72,042;75,64;
SP;3528205;Macedônia;53,22;60,35;64,248;71,165;76,09;
SP;3528304;Magda;51,2;59,44;70,567;74,246;74,38;
SP;3528403;Mairinque;53,56;57,35;68,205;72,417;74,85;
SP;3528502;Mairiporã;49,61;58,06;68,016;69,824;77,86;
SP;3528601;Manduri;53,76;57,58;65,361;70,093;74,05;
SP;3528700;Marabá Paulista;50,62;55,61;62,547;68,713;73,54;
SP;3528809;Maracaí;52,99;60,64;70,413;71,532;75,97;
SP;3528858;Marapoama;;;72,111;75,948;76,14;
SP;3528908;Mariápolis;57,07;60,06;66,994;69,478;74,78;
SP;3529005;Marília;51,41;59,8;68,722;71,374;76,26;
SP;3529104;Marinópolis;52,43;55,7;64,086;70,644;74,5;
SP;3529203;Martinópolis;51,3;61,11;64,236;68,713;74,93;
SP;3529302;Matão;59,44;63,28;71,977;73,763;75,84;
SP;3529401;Mauá;49,09;56,26;68,121;68,5;76,13;
SP;3529500;Mendonça;57,49;60,08;71,132;71,377;76,78;
SP;3529609;Meridiano;56,05;57,56;66,266;71,476;74,04;
SP;3529658;Mesópolis;;;63,332;69,802;75,84;
SP;3529708;Miguelópolis;52,8;63,48;67,846;74,803;76,78;
SP;3529807;Mineiros do Tietê;57,02;60,75;70,7;73,735;74,39;
SP;3529906;Miracatu;50,32;56,03;68,568;70,8;73,18;
SP;3530003;Mira Estrela;51,26;60,35;69,344;72,7;73,34;
SP;3530102;Mirandópolis;54,44;61,32;70,426;72,709;77,12;
SP;3530201;Mirante do Paranapanema;53,72;62,74;61,168;68,713;75,45;
SP;3530300;Mirassol;56,08;62,41;71,054;75,42;75,76;
SP;3530409;Mirassolândia;56,75;60,66;68,974;73,53;74,76;
SP;3530508;Mococa;52,72;61,5;67,936;73,925;74,63;
SP;3530607;Moji das Cruzes;50,98;54,13;66,818;68,501;76,07;
SP;3530706;Mogi Guaçu;54,82;57,44;69,37;72,975;76,1;
SP;3530805;Moji-Mirim;55,03;58,56;70,303;72,661;77,74;
SP;3530904;Mombuca;55,22;58,7;68,553;70,769;74,18;
SP;3531001;Monções;57,46;61,79;70,903;73,314;73,81;
SP;3531100;Mongaguá;51,89;56,55;65,804;70,356;76,24;
SP;3531209;Monte Alegre do Sul;55,47;58,27;69,657;74,422;76,5;
SP;3531308;Monte Alto;56,59;63,9;71,439;72,432;76,56;
SP;3531407;Monte Aprazível;55,52;60,92;70,516;73,314;76,64;
SP;3531506;Monte Azul Paulista;57,46;61,35;66,663;69,237;75,56;
SP;3531605;Monte Castelo;53,82;57,18;66,947;70,175;73,81;
SP;3531704;Monteiro Lobato;47,6;61,07;69,118;72,373;74,53;
SP;3531803;Monte Mor;56,6;60;70,405;72,198;76,78;
SP;3531902;Morro Agudo;53,31;62,21;68,123;70,187;75,15;
SP;3532009;Morungaba;52,53;56,7;68,753;70,73;73,1;
SP;3532058;Motuca;;;70,005;71,342;76,51;
SP;3532108;Murutinga do Sul;52,58;59,29;71,304;72,709;75,84;
SP;3532157;Nantes;;;65,786;68,16;72,41;
SP;3532207;Narandiba;51,27;59,41;71,89;74,064;75,33;
SP;3532306;Natividade da Serra;50,9;60,53;66,137;72,176;73,86;
SP;3532405;Nazaré Paulista;47,02;59,38;67,841;70,73;74,08;
SP;3532504;Neves Paulista;55,84;60,31;71,151;73,314;74,38;
SP;3532603;Nhandeara;55,37;61,79;70,956;73,314;75,08;
SP;3532702;Nipoã;55,84;59,14;70,516;74,639;73,81;
SP;3532801;Nova Aliança;54,75;60,66;72,43;76,045;74,56;
SP;3532827;Nova Campina;;;63,381;65,267;72,94;
SP;3532843;Nova Canaã Paulista;;;63,332;69,802;73,33;
SP;3532868;Nova Castilho;;;70,567;72,089;74,38;
SP;3532900;Nova Europa;57,09;59,81;71,493;73,763;77,11;
SP;3533007;Nova Granada;54,01;61,05;68,851;74,673;74,05;
SP;3533106;Nova Guataporanga;57,09;60,11;67,154;71,561;75,52;
SP;3533205;Nova Independência;49,52;53,22;62,844;70,767;74,63;
SP;3533254;Novais;;;70,934;72,362;74,32;
SP;3533304;Nova Luzitânia;48,99;60,66;66,271;68,259;73,49;
SP;3533403;Nova Odessa;52,31;58,26;69,667;74,873;76,68;
SP;3533502;Novo Horizonte;55,97;57,95;72,111;75,5;76,92;
SP;3533601;Nuporanga;53,7;63;68,238;69,584;76,94;
SP;3533700;Ocauçu;50,02;63,93;68,722;72,155;74,81;
SP;3533809;Óleo;57,09;59,11;68,46;70,339;76,46;
SP;3533908;Olímpia;58,56;61,81;72,47;73,53;77,02;
SP;3534005;Onda Verde;56,75;60,76;68,86;73,53;76,78;
SP;3534104;Oriente;51,29;56,64;70,165;73,944;75,22;
SP;3534203;Orindiúva;56,75;60,66;66,106;70,133;74,42;
SP;3534302;Orlândia;55,77;61,94;71,028;74,803;77,89;
SP;3534401;Osasco;51,93;55,74;69,786;71,347;75,42;
SP;3534500;Oscar Bressane;52,81;59,44;68,722;69,865;74,36;
SP;3534609;Osvaldo Cruz;55,84;63,6;69,52;71,711;75,22;
SP;3534708;Ourinhos;52,54;59,83;70,675;73,498;76,53;
SP;3534757;Ouroeste;;;65,875;72,04;76,93;
SP;3534807;Ouro Verde;53,73;59,59;64,162;70,175;73,81;
SP;3534906;Pacaembu;55,51;57,82;68,867;70,042;75,6;
SP;3535002;Palestina;57,8;61,13;69,882;71,549;75,88;
SP;3535101;Palmares Paulista;52,32;62,44;70,934;72,362;75,21;
SP;3535200;Palmeira d'Oeste;55,43;57,84;66,602;70,644;74,76;
SP;3535309;Palmital;55,85;58,09;66,117;68,16;73,83;
SP;3535408;Panorama;48,05;62,17;65,515;72,074;73,81;
SP;3535507;Paraguaçu Paulista;52,24;58,19;67,372;69,235;75,18;
SP;3535606;Paraibuna;56,55;58,09;66,11;71,516;73,91;
SP;3535705;Paraíso;57,87;64,46;72,779;76,175;75,19;
SP;3535804;Paranapanema;48,59;59,23;64,553;70,022;75,31;
SP;3535903;Paranapuã;56,74;61,8;69,491;74,453;75,52;
SP;3536000;Parapuã;55,34;57,44;68,365;72,423;74,78;
SP;3536109;Pardinho;55,32;58,6;71,199;75,855;74,23;
SP;3536208;Pariquera-Açu;54,7;56,08;63,897;70,8;76,7;
SP;3536257;Parisi;;;65,51;70,123;75,5;
SP;3536307;Patrocínio Paulista;56,12;64,72;72,271;76,449;74,55;
SP;3536406;Paulicéia;54,92;59,59;65,243;70,175;73,64;
SP;3536505;Paulínia;54,28;61,27;70,915;73,298;76,83;
SP;3536570;Paulistânia;;;68,492;76,371;74,04;
SP;3536604;Paulo de Faria;58,06;60,66;66,106;67,773;73;
SP;3536703;Pederneiras;53,32;57,53;67,158;71,407;73,74;
SP;3536802;Pedra Bela;49,44;58,27;63,327;70,248;72,77;
SP;3536901;Pedranópolis;58,96;62,91;71,224;74,423;76,26;
SP;3537008;Pedregulho;55,84;60,46;71,739;75,788;74,2;
SP;3537107;Pedreira;56,6;60,6;70,424;73,298;76,82;
SP;3537156;Pedrinhas Paulista;;;71,849;73,582;75,19;
SP;3537206;Pedro de Toledo;51,57;59,11;63,662;66,5;73,71;
SP;3537305;Penápolis;55,42;56,99;67,525;71,647;76,55;
SP;3537404;Pereira Barreto;52,76;58,47;71,054;72,709;75,71;
SP;3537503;Pereiras;54,36;63;68,054;71,436;77,35;
SP;3537602;Peruíbe;48,82;56,19;65,522;69,651;76,24;
SP;3537701;Piacatu;57,8;60,89;68,232;70,919;75,57;
SP;3537800;Piedade;49,61;55,41;65,594;69,812;75,87;
SP;3537909;Pilar do Sul;51,19;56,96;65,594;69,812;74,18;
SP;3538006;Pindamonhangaba;54,59;61;67,492;72,248;75,58;
SP;3538105;Pindorama;57,87;65,34;72,779;75,641;75,51;
SP;3538204;Pinhalzinho;47,47;58,14;69,657;73,728;73,49;
SP;3538303;Piquerobi;50,75;62,46;68,199;69,361;75,18;
SP;3538501;Piquete;53,1;59,68;70,554;72,029;74,38;
SP;3538600;Piracaia;48,21;57,4;69,038;73,079;76,03;
SP;3538709;Piracicaba;56,5;57,97;70,025;72,953;75,88;
SP;3538808;Piraju;57,09;60,15;65,015;70,78;75,59;
SP;3538907;Pirajuí;52,65;54,67;65,534;70,793;76,18;
SP;3539004;Pirangi;56,59;59,02;69,647;72,432;75,19;
SP;3539103;Pirapora do Bom Jesus;49,9;55,36;67,743;69,209;73,59;
SP;3539202;Pirapozinho;51,36;59,16;68,115;70,781;76,79;
SP;3539301;Pirassununga;58,1;58,79;69,487;75,162;78,03;
SP;3539400;Piratininga;55,09;58,17;69,37;72,183;76,53;
SP;3539509;Pitangueiras;57,58;61,03;68,028;69,731;74,77;
SP;3539608;Planalto;54,76;63,81;68,699;69,244;76,19;
SP;3539707;Platina;52,72;62,34;65,786;68,339;74,41;
SP;3539806;Poá;50,73;54,59;69,75;71,061;76,33;
SP;3539905;Poloni;55,84;59,79;70,516;72,287;76,18;
SP;3540002;Pompéia;53,65;59,32;69,529;74,241;76,81;
SP;3540101;Pongaí;55,09;64;68,492;74,867;75,65;
SP;3540200;Pontal;53,65;56,86;70,527;71,596;75,27;
SP;3540259;Pontalinda;;;63,332;69,802;75,84;
SP;3540309;Pontes Gestal;53,61;59,22;65,51;68,072;73,3;
SP;3540408;Populina;50,77;61,29;69,425;72,244;73,25;
SP;3540507;Porangaba;53,84;58,51;63,786;72,08;76,81;
SP;3540606;Porto Feliz;51,7;57,42;70,041;74,032;75,14;
SP;3540705;Porto Ferreira;56,57;59,43;68,142;71,82;74,63;
SP;3540754;Potim;;;67,706;70,64;73,38;
SP;3540804;Potirendaba;56,75;62,67;72,47;75,42;76,41;
SP;3540853;Pracinha;;;69,657;74,081;73,82;
SP;3540903;Pradópolis;56,79;60,88;72,99;73,484;74,34;
SP;3541000;Praia Grande;49,23;56,79;65,015;68,963;75,04;
SP;3541059;Pratânia;;;64,493;67,101;72,86;
SP;3541109;Presidente Alves;52,96;62,93;69,316;70,793;73,65;
SP;3541208;Presidente Bernardes;56,24;60,7;71,89;73,321;75,34;
SP;3541307;Presidente Epitácio;48,66;57,07;61,906;68,134;75,72;
SP;3541406;Presidente Prudente;54,15;61,59;70,979;73,577;76,49;
SP;3541505;Presidente Venceslau;53,93;60,23;71,247;73,321;75,19;
SP;3541604;Promissão;53,81;56,43;72,203;75,981;75,99;
SP;3541653;Quadra;;;68,054;71,436;74,3;
SP;3541703;Quatá;53,49;57,06;71,668;73,185;73,84;
SP;3541802;Queiroz;43,7;57,7;67,147;70,874;73,65;
SP;3541901;Queluz;55,3;60,54;63,906;70,64;74,38;
SP;3542008;Quintana;54,85;60,75;65,083;67,956;73,65;
SP;3542107;Rafard;56,17;65,31;72,107;73,727;74,37;
SP;3542206;Rancharia;52,48;60,96;71,258;73,321;76,64;
SP;3542305;Redenção da Serra;54,01;58,31;66,137;71,692;72,95;
SP;3542404;Regente Feijó;55,47;63,04;68,921;73,321;74,1;
SP;3542503;Reginópolis;57,23;58,64;65,023;69,356;74,04;
SP;3542602;Registro;51,07;56,32;66,714;69,57;76,08;
SP;3542701;Restinga;55,02;62,25;66,301;71,091;74,55;
SP;3542800;Ribeira;48,75;54,98;61,77;65,409;72,83;
SP;3542909;Ribeirão Bonito;57,75;61,96;70,789;71,987;73,66;
SP;3543006;Ribeirão Branco;49,36;54,61;58,303;60,995;72,83;
SP;3543105;Ribeirão Corrente;52,78;62,25;69,236;70,362;73,86;
SP;3543204;Ribeirão do Sul;56,99;59,34;66,538;71,486;74,05;
SP;3543238;Ribeirão dos Índios;;;70,139;71,977;73,52;
SP;3543253;Ribeirão Grande;;;63,633;66,279;73,43;
SP;3543303;Ribeirão Pires;51,43;56,22;68,343;69,929;75,81;
SP;3543402;Ribeirão Preto;57,93;61,3;72,99;74,397;75,65;
SP;3543501;Riversul;50,89;56,38;59,174;65,267;72,94;
SP;3543600;Rifaina;49,27;62,25;62,432;70,362;74,42;
SP;3543709;Rincão;60,82;65,64;72,183;73,186;74,53;
SP;3543808;Rinópolis;55,4;58,23;65,557;70,578;75,59;
SP;3543907;Rio Claro;58,61;61,76;70,196;71,34;76,72;
SP;3544004;Rio das Pedras;56,17;58,7;68,553;70,998;75,49;
SP;3544103;Rio Grande da Serra;44,4;54,35;68,121;69,929;74,36;
SP;3544202;Riolândia;54,91;58,93;65,51;68,072;74,04;
SP;3544251;Rosana;;;67,653;73,585;74,1;
SP;3544301;Roseira;52,04;55,28;70,5;72,029;74,38;
SP;3544400;Rubiácea;57,96;59,05;72,585;74,578;74,17;
SP;3544509;Rubinéia;49,8;63,14;68,026;72,717;75,64;
SP;3544608;Sabino;58,6;63,04;71,095;74,205;73,76;
SP;3544707;Sagres;53,59;60,58;66,657;69,478;74,78;
SP;3544806;Sales;55,85;62,9;72,111;73,581;76,56;
SP;3544905;Sales Oliveira;58,79;64,51;71,435;74,803;75,71;
SP;3545001;Salesópolis;53,23;56,51;66,396;68,501;74,75;
SP;3545100;Salmourão;54,11;56,51;65,557;70,033;75,77;
SP;3545159;Saltinho;;;71,037;77,347;76,39;
SP;3545209;Salto;52,86;55,59;68,205;71,101;75,19;
SP;3545308;Salto de Pirapora;49,96;57,35;65,13;71,855;75,04;
SP;3545407;Salto Grande;51,43;57,47;68,689;70,78;74,5;
SP;3545506;Sandovalina;51,43;60,11;71,89;73,957;73,73;
SP;3545605;Santa Adélia;58,82;65,06;69,081;70,926;75,08;
SP;3545704;Santa Albertina;52,29;60,6;71,016;72,244;73,51;
SP;3545803;Santa Bárbara d'Oeste;58,1;59,93;69,508;73,799;77,04;
SP;3546009;Santa Branca;51,1;57,97;67,175;72,922;74,68;
SP;3546108;Santa Clara d'Oeste;54,51;58,83;71,134;72,244;73,25;
SP;3546207;Santa Cruz da Conceição;56,18;65,43;69,855;72,527;77,56;
SP;3546256;Santa Cruz da Esperança;;;73,632;74,857;74,89;
SP;3546306;Santa Cruz das Palmeiras;54,84;59,84;68,142;73,713;73,87;
SP;3546405;Santa Cruz do Rio Pardo;55,22;56,89;70,711;73,498;77;
SP;3546504;Santa Ernestina;56,59;61,05;69,326;71,251;73,14;
SP;3546603;Santa Fé do Sul;54,89;60,52;71,571;72,244;75,41;
SP;3546702;Santa Gertrudes;58,63;63;70,207;72,568;75,84;
SP;3546801;Santa Isabel;50,55;54,89;67,297;68,641;75,02;
SP;3546900;Santa Lúcia;57,09;60,55;71,614;76,39;74,1;
SP;3547007;Santa Maria da Serra;45,52;58,7;68,553;73,727;74,18;
SP;3547106;Santa Mercedes;51,56;58,52;63,521;70,175;75,79;
SP;3547205;Santana da Ponte Pensa;57;61,77;68,026;72,257;75,41;
SP;3547304;Santana de Parnaíba;50,53;55,14;69,786;71,347;75,92;
SP;3547403;Santa Rita d'Oeste;56,92;59,43;70,78;72,244;75,31;
SP;3547502;Santa Rita do Passa Quatro;56,57;62,79;72,482;74,397;78,22;
SP;3547601;Santa Rosa de Viterbo;53,8;57,43;70,544;72,323;77,1;
SP;3547650;Santa Salete;;;71,571;74,453;76,83;
SP;3547700;Santo Anastácio;53,12;60,94;68,297;73,577;76,22;
SP;3547809;Santo André;54,83;59,1;70,336;70,614;76,66;
SP;3547908;Santo Antônio da Alegria;56,9;64,2;68,021;69,578;74,8;
SP;3548005;Santo Antônio de Posse;54,97;58,43;68,282;72,561;75,3;
SP;3548054;Santo Antônio do Aracanguá;;;66,81;69,479;75,41;
SP;3548104;Santo Antônio do Jardim;57,16;59,45;71,478;73,345;75,12;
SP;3548203;Santo Antônio do Pinhal;53,83;56,98;69,118;75,073;73,69;
SP;3548302;Santo Expedito;53,67;60,11;68,823;76,3;74,69;
SP;3548401;Santópolis do Aguapeí;48,74;58,44;69,099;75,088;74,78;
SP;3548500;Santos;56,07;59,42;71,522;72,27;76,13;
SP;3548609;São Bento do Sapucaí;50,52;59,53;69,118;72,373;73,69;
SP;3548708;São Bernardo do Campo;52,38;57,34;68,927;69,929;76,65;
SP;3548807;São Caetano do Sul;57,35;59,83;71,938;78,184;78,2;
SP;3548906;São Carlos;57,47;62,01;71,613;73,079;76,78;
SP;3549003;São Francisco;50,84;61;71,571;72,972;73,82;
SP;3549102;São João da Boa Vista;53,5;59,61;71,432;76,921;77,23;
SP;3549201;São João das Duas Pontes;53,68;60,35;67,769;71,84;73,34;
SP;3549250;São João de Iracema;;;66,271;70,788;74,97;
SP;3549300;São João do Pau d'Alho;57,03;58,42;65,025;70,175;76,26;
SP;3549409;São Joaquim da Barra;53,01;62,55;68,238;71,986;75,8;
SP;3549508;São José da Bela Vista;55,51;62,25;69,456;71,091;75,61;
SP;3549607;São José do Barreiro;52,81;59,19;62,785;65,568;73,8;
SP;3549706;São José do Rio Pardo;53,2;61,45;70,433;74,098;77,05;
SP;3549805;São José do Rio Preto;57,58;59,51;69,895;71,312;75,74;
SP;3549904;São José dos Campos;52,54;59,84;71,567;73,89;76,27;
SP;3549953;São Lourenço da Serra;;;70,696;71,688;74,36;
SP;3550001;São Luís do Paraitinga;51,13;60,72;70,773;71,692;74,54;
SP;3550100;São Manuel;55,24;58,65;68,949;74,849;73,29;
SP;3550209;São Miguel Arcanjo;50,81;56,48;65,939;71,913;72,95;
SP;3550308;São Paulo;54,33;56,65;68,56;70,66;76,3;
SP;3550407;São Pedro;58,02;58,7;68,626;69,968;76,78;
SP;3550506;São Pedro do Turvo;52,92;58,41;70,226;72,632;74,58;
SP;3550605;São Roque;50,03;57,35;66,792;71,996;76,79;
SP;3550704;São Sebastião;52,77;56,53;66,231;70,652;77,51;
SP;3550803;São Sebastião da Grama;54,05;59,48;67,536;73,504;74,19;
SP;3550902;São Simão;56,85;60,88;69,941;71,596;76,11;
SP;3551009;São Vicente;53,83;55,19;68,016;69,932;76,39;
SP;3551108;Sarapuí;55,43;57,35;65,795;69,305;73,86;
SP;3551207;Sarutaiá;49,97;55,94;66,008;67,819;72,65;
SP;3551306;Sebastianópolis do Sul;56,66;61,79;66,132;72,042;75,08;
SP;3551405;Serra Azul;54,5;60,88;66,195;68,149;73,6;
SP;3551504;Serrana;55,97;60,88;69,941;71,596;75,08;
SP;3551603;Serra Negra;51,62;59,02;70,754;73,728;77,36;
SP;3551702;Sertãozinho;55,08;61,88;71,525;74,397;76,31;
SP;3551801;Sete Barras;48,91;57,98;69,597;70,8;74,89;
SP;3551900;Severínia;53,3;58,19;68,51;70,179;73,42;
SP;3552007;Silveiras;49,96;59,46;60,063;65,568;73,72;
SP;3552106;Socorro;52,78;58,27;70,754;75,966;74,66;
SP;3552205;Sorocaba;55,22;57,72;68,205;71,64;75,59;
SP;3552304;Sud Mennucci;48,83;61,79;70,057;72,709;73,51;
SP;3552403;Sumaré;54,15;60,01;70,541;73,298;75,71;
SP;3552502;Suzano;49,39;54,94;65,199;67,761;77,36;
SP;3552551;Suzanápolis;;;68,267;70,767;73,75;
SP;3552601;Tabapuã;57,87;63,23;69,081;71,498;74,2;
SP;3552700;Tabatinga;57;61,7;67,179;70,236;74,1;
SP;3552809;Taboão da Serra;51,42;56,31;68,076;71,688;76,79;
SP;3552908;Taciba;53,43;59,7;65,109;72,186;73,52;
SP;3553005;Taguaí;53,39;56,9;69,524;73,088;74,05;
SP;3553104;Taiaçu;55,7;63,07;68,028;69,731;73,84;
SP;3553203;Taiúva;57,88;63,06;71,366;72,432;75,08;
SP;3553302;Tambaú;53,5;58,4;69,257;73,02;76,45;
SP;3553401;Tanabi;57,99;60,66;70,454;73,53;74,73;
SP;3553500;Tapiraí;48,52;59,45;65,594;68,993;75,74;
SP;3553609;Tapiratiba;49,78;60,44;71,964;73,112;77,18;
SP;3553658;Taquaral;;;68,028;71,251;74,4;
SP;3553708;Taquaritinga;55,62;60;68,444;69,101;74,61;
SP;3553807;Taquarituba;50,67;56,38;63,514;67,773;73,65;
SP;3553856;Taquarivaí;;;63,332;65,267;73,64;
SP;3553906;Tarabai;52,27;60,11;66,595;73,227;74,37;
SP;3553955;Tarumã;;;69,522;70,535;76,13;
SP;3554003;Tatuí;51,16;57,39;65,512;71,436;75,52;
SP;3554102;Taubaté;54,91;59,88;71,976;72,732;77,98;
SP;3554201;Tejupá;54,67;56,74;66,008;67,941;72,65;
SP;3554300;Teodoro Sampaio;49,16;57,11;66,707;69,361;76,38;
SP;3554409;Terra Roxa;58,53;61,35;67,15;72,144;75,3;
SP;3554508;Tietê;56,96;58,7;68,553;70,662;78,04;
SP;3554607;Timburi;51,26;57,76;64,162;70,78;74,58;
SP;3554656;Torre de Pedra;;;63,786;71,436;74,73;
SP;3554706;Torrinha;58,2;62,34;72,342;75,653;76,11;
SP;3554755;Trabiju;;;64,564;70,231;73,63;
SP;3554805;Tremembé;47,14;59,52;68,467;74,475;77,38;
SP;3554904;Três Fronteiras;54,07;57,61;66,112;70,788;74,73;
SP;3554953;Tuiuti;;;69,483;72,511;77,24;
SP;3555000;Tupã;54,74;59,3;67,147;70,874;76,1;
SP;3555109;Tupi Paulista;57,45;59,59;65,243;70,749;75,08;
SP;3555208;Turiúba;48,22;59,3;72,744;75,918;74,44;
SP;3555307;Turmalina;50,7;57,03;71,224;75,268;74,04;
SP;3555356;Ubarana;;;71,185;71,549;75,62;
SP;3555406;Ubatuba;52,77;60,06;69,927;71,987;75,47;
SP;3555505;Ubirajara;54,29;59,74;71,958;73,212;74,72;
SP;3555604;Uchoa;57,27;60,66;66,157;68,149;74,36;
SP;3555703;União Paulista;57,63;61,79;67,976;75,387;76,75;
SP;3555802;Urânia;54,19;57,22;69,348;70,644;73,25;
SP;3555901;Uru;53,9;56,8;64,098;67,101;74,93;
SP;3556008;Urupês;57,86;63,25;72,111;73,581;74,03;
SP;3556107;Valentim Gentil;56,18;59,93;71,114;73,529;73,62;
SP;3556206;Valinhos;57,21;63,67;69,784;71,91;76,01;
SP;3556305;Valparaíso;58,39;60,66;72,741;74,578;74,47;
SP;3556354;Vargem;;;72,314;74,667;75,36;
SP;3556404;Vargem Grande do Sul;55,23;57,6;72,178;76,001;76,78;
SP;3556453;Vargem Grande Paulista;;;66,911;71,957;78,02;
SP;3556503;Várzea Paulista;48,15;58,26;70,699;72,124;76,8;
SP;3556602;Vera Cruz;52,83;59,44;65,562;67,563;74,79;
SP;3556701;Vinhedo;56,72;57,74;71,771;74,873;77,68;
SP;3556800;Viradouro;57,52;64,39;70,781;73,004;74,4;
SP;3556909;Vista Alegre do Alto;56,59;61,35;73,632;75,618;75,41;
SP;3556958;Vitória Brasil;;;70,209;72,244;73,63;
SP;3557006;Votorantim;51,98;57,32;68,629;72,973;75,3;
SP;3557105;Votuporanga;57,68;59,13;71,114;71,916;76,44;
SP;3557154;Zacarias;;;71,132;76,02;74,56;
SP;3557204;Chavantes;52,22;57,76;68,908;71,259;74,66;
SP;3557303;Estiva Gerbi;;;71,647;73,298;73,87;
SP;3599919;Santo Amaro;;;;;;
