Sigla;Código;Município;2021;
ES;3200102;Afonso Cláudio;265973,256001349;
ES;3200136;Águia Branca;114836,460383831;
ES;3200169;Água Doce do Norte;86080,1977516593;
ES;3200201;Alegre;268478,610722735;
ES;3200300;Alfredo Chaves;213666,565626684;
ES;3200359;Alto Rio Novo;52765,095132705;
ES;3200409;Anchieta;2690746,30269645;
ES;3200508;Apiacá;55173,3539379284;
ES;3200607;Aracruz;2480196,60934007;
ES;3200706;Atilio Vivacqua;168454,879241279;
ES;3200805;Baixo Guandu;433320,868352534;
ES;3200904;Barra de São Francisco;543833,292816074;
ES;3201001;Boa Esperança;126525,314906567;
ES;3201100;Bom Jesus do Norte;87214,5394645287;
ES;3201159;Brejetuba;137591,448505448;
ES;3201209;Cachoeiro de Itapemirim;2869447,6019367;
ES;3201308;Cariacica;6394780,45159294;
ES;3201407;Castelo;546442,278755673;
ES;3201506;Colatina;2043825,15535231;
ES;3201605;Conceição da Barra;283384,23427567;
ES;3201704;Conceição do Castelo;130275,644668374;
ES;3201803;Divino de São Lourenço;38548,0123314092;
ES;3201902;Domingos Martins;447053,871994881;
ES;3202009;Dores do Rio Preto;74587,402290407;
ES;3202108;Ecoporanga;191899,341729113;
ES;3202207;Fundão;218689,412058978;
ES;3202256;Governador Lindenberg;156067,214206541;
ES;3202306;Guaçuí;285917,130627122;
ES;3202405;Guarapari;1184510,42585926;
ES;3202454;Ibatiba;210105,292817021;
ES;3202504;Ibiraçu;135147,245538952;
ES;3202553;Ibitirama;80282,9180265053;
ES;3202603;Iconha;146973,808212016;
ES;3202652;Irupi;110271,085094999;
ES;3202702;Itaguaçu;152117,090924936;
ES;3202801;Itapemirim;2681427,89558851;
ES;3202900;Itarana;124184,743158284;
ES;3203007;Iúna;251349,584051119;
ES;3203056;Jaguaré;449831,842173188;
ES;3203106;Jerônimo Monteiro;80349,2046615783;
ES;3203130;João Neiva;301676,544712089;
ES;3203163;Laranja da Terra;87614,1265041238;
ES;3203205;Linhares;3751267,11084433;
ES;3203304;Mantenópolis;94796,8902637619;
ES;3203320;Marataízes;3108794,63696671;
ES;3203346;Marechal Floriano;241295,488655325;
ES;3203353;Marilândia;146057,465503225;
ES;3203403;Mimoso do Sul;283545,749597749;
ES;3203502;Montanha;191627,193079482;
ES;3203601;Mucurici;45162,6716200341;
ES;3203700;Muniz Freire;178944,972645229;
ES;3203809;Muqui;109382,750823562;
ES;3203908;Nova Venécia;625355,584195529;
ES;3204005;Pancas;167349,946387632;
ES;3204054;Pedro Canário;187393,717773304;
ES;3204104;Pinheiros;402248,77475841;
ES;3204203;Piúma;408946,525744521;
ES;3204252;Ponto Belo;50204,1903438979;
ES;3204302;Presidente Kennedy;3179809,56307251;
ES;3204351;Rio Bananal;245392,189425753;
ES;3204401;Rio Novo do Sul;107311,060073886;
ES;3204500;Santa Leopoldina;154120,161003093;
ES;3204559;Santa Maria de Jetibá;761560,615051914;
ES;3204609;Santa Teresa;269434,165243823;
ES;3204658;São Domingos do Norte;154671,460411693;
ES;3204708;São Gabriel da Palha;355737,496879742;
ES;3204807;São José do Calçado;95040,0968614594;
ES;3204906;São Mateus;1375981,70530413;
ES;3204955;São Roque do Canaã;106891,400320853;
ES;3205002;Serra;17402298,459585;
ES;3205010;Sooretama;311607,402983522;
ES;3205036;Vargem Alta;200773,815104981;
ES;3205069;Venda Nova do Imigrante;327770,138566398;
ES;3205101;Viana;1973459,55818585;
ES;3205150;Vila Pavão;84325,4691513812;
ES;3205176;Vila Valério;202624,239199554;
ES;3205200;Vila Velha;7611685,90290405;
ES;3205309;Vitória;14668752,930574;
ES;3299919;Riacho;;
ES;3299929;Ponte do Itabapoana;;
MG;3100104;Abadia dos Dourados;82519,3917492859;
MG;3100203;Abaeté;252654,310424563;
MG;3100302;Abre Campo;122624,206390333;
MG;3100401;Acaiaca;30299,0607231318;
MG;3100500;Açucena;77407,8519320352;
MG;3100609;Água Boa;89661,5432747595;
MG;3100708;Água Comprida;107286,786094845;
MG;3100807;Aguanil;44166,971672071;
MG;3100906;Águas Formosas;134253,309580045;
MG;3101003;Águas Vermelhas;110469,478192929;
MG;3101102;Aimorés;297827,71861225;
MG;3101201;Aiuruoca;60007,6102253666;
MG;3101300;Alagoa;22274,643420982;
MG;3101409;Albertina;71870,1170597023;
MG;3101508;Além Paraíba;453647,991762779;
MG;3101607;Alfenas;1627228,12494432;
MG;3101631;Alfredo Vasconcelos;70330,5866197669;
MG;3101706;Almenara;315048,239512559;
MG;3101805;Alpercata;44158,5691408646;
MG;3101904;Alpinópolis;244708,783554296;
MG;3102001;Alterosa;138420,031443861;
MG;3102050;Alto Caparaó;45332,1226660307;
MG;3102100;Alto Rio Doce;84086,9306265762;
MG;3102209;Alvarenga;25510,0847427505;
MG;3102308;Alvinópolis;158814,841911046;
MG;3102407;Alvorada de Minas;30274,786744091;
MG;3102506;Amparo do Serra;26106,6644584077;
MG;3102605;Andradas;552612,070697646;
MG;3102704;Cachoeira de Pajeú;58630,0619147998;
MG;3102803;Andrelândia;136278,319600797;
MG;3102852;Angelândia;67472,7923949989;
MG;3102902;Antônio Carlos;112922,55049792;
MG;3103009;Antônio Dias;417617,004334988;
MG;3103108;Antônio Prado de Minas;13337,1510610658;
MG;3103207;Araçaí;28007,50374022;
MG;3103306;Aracitaba;14640,0102053532;
MG;3103405;Araçuaí;242748,65974675;
MG;3103504;Araguari;2725138,3297317;
MG;3103603;Arantina;41332,0510044762;
MG;3103702;Araponga;57088,6642457074;
MG;3103751;Araporã;604336,185575331;
MG;3103801;Arapuá;80671,7684984477;
MG;3103900;Araújos;221423,969159385;
MG;3104007;Araxá;4178328,09344807;
MG;3104106;Arceburgo;161843,954410968;
MG;3104205;Arcos;1095372,64036303;
MG;3104304;Areado;144405,90131387;
MG;3104403;Argirita;18715,2378404764;
MG;3104452;Aricanduva;31315,3001918217;
MG;3104502;Arinos;148734,138499765;
MG;3104601;Astolfo Dutra;136324,066715143;
MG;3104700;Ataléia;92902,1194767097;
MG;3104809;Augusto de Lima;41564,9878418103;
MG;3104908;Baependi;177873,183109119;
MG;3105004;Baldim;93957,5707576964;
MG;3105103;Bambuí;364115,754107141;
MG;3105202;Bandeira;27595,7797111045;
MG;3105301;Bandeira do Sul;40417,575524842;
MG;3105400;Barão de Cocais;1138549,04696732;
MG;3105509;Barão de Monte Alto;29462,5420608018;
MG;3105608;Barbacena;1644625,09899997;
MG;3105707;Barra Longa;38244,1207861097;
MG;3105905;Barroso;284248,761375355;
MG;3106002;Bela Vista de Minas;265267,910187297;
MG;3106101;Belmiro Braga;28741,791606205;
MG;3106200;Belo Horizonte;49402063,7086031;
MG;3106309;Belo Oriente;987167,644330238;
MG;3106408;Belo Vale;130662,161103871;
MG;3106507;Berilo;52670,8000602771;
MG;3106606;Bertópolis;25110,4977031554;
MG;3106655;Berizal;28487,3816335656;
MG;3106705;Betim;15466688,1032186;
MG;3106804;Bias Fortes;19408,9134722969;
MG;3106903;Bicas;129589,904760471;
MG;3107000;Biquinhas;30099,2672033342;
MG;3107109;Boa Esperança;494138,856032033;
MG;3107208;Bocaina de Minas;37447,7475506549;
MG;3107307;Bocaiúva;571971,502597283;
MG;3107406;Bom Despacho;846833,236193177;
MG;3107505;Bom Jardim de Minas;59645,8345762005;
MG;3107604;Bom Jesus da Penha;91539,0421921095;
MG;3107703;Bom Jesus do Amparo;74845,0799140711;
MG;3107802;Bom Jesus do Galho;79883,7977941994;
MG;3107901;Bom Repouso;74797,465570568;
MG;3108008;Bom Sucesso;207765,654683317;
MG;3108107;Bonfim;63243,9851617136;
MG;3108206;Bonfinópolis de Minas;214133,37291593;
MG;3108255;Bonito de Minas;47165,7416981915;
MG;3108305;Borda da Mata;174989,714483443;
MG;3108404;Botelhos;152144,632555001;
MG;3108503;Botumirim;35362,0525823009;
MG;3108552;Brasilândia de Minas;193769,371729835;
MG;3108602;Brasília de Minas;176184,741143914;
MG;3108701;Brás Pires;23355,302295588;
MG;3108800;Braúnas;99469,1644218315;
MG;3108909;Brasópolis;92442,781104091;
MG;3109006;Brumadinho;2158954,77071379;
MG;3109105;Bueno Brandão;112378,253198658;
MG;3109204;Buenópolis;84363,7473490994;
MG;3109253;Bugre;22200,4210619918;
MG;3109303;Buritis;543370,68679243;
MG;3109402;Buritizeiro;343630,849833131;
MG;3109451;Cabeceira Grande;222848,198198876;
MG;3109501;Cabo Verde;135767,632426361;
MG;3109600;Cachoeira da Prata;24210,4932494878;
MG;3109709;Cachoeira de Minas;250679,71559105;
MG;3109808;Cachoeira Dourada;125860,11451939;
MG;3109907;Caetanópolis;147167,533237053;
MG;3110004;Caeté;501788,893888207;
MG;3110103;Caiana;41385,2670354503;
MG;3110202;Cajuri;45430,1521967725;
MG;3110301;Caldas;157623,549708889;
MG;3110400;Camacho;33084,4998180665;
MG;3110509;Camanducaia;462313,335473065;
MG;3110608;Cambuí;870931,228885956;
MG;3110707;Cambuquira;173121,084904588;
MG;3110806;Campanário;24957,3849122825;
MG;3110905;Campanha;205337,789971945;
MG;3111002;Campestre;227051,331031253;
MG;3111101;Campina Verde;250598,024315432;
MG;3111150;Campo Azul;18981,317995347;
MG;3111200;Campo Belo;581010,292138965;
MG;3111309;Campo do Meio;107894,102378155;
MG;3111408;Campo Florido;331856,569576463;
MG;3111507;Campos Altos;202727,870417767;
MG;3111606;Campos Gerais;328889,075638722;
MG;3111705;Canaã;36158,8926250449;
MG;3111804;Canápolis;316500,943796694;
MG;3111903;Cana Verde;37409,0025456474;
MG;3112000;Candeias;173255,058596602;
MG;3112059;Cantagalo;26496,4485449287;
MG;3112109;Caparaó;45571,5948054142;
MG;3112208;Capela Nova;29164,2522029732;
MG;3112307;Capelinha;414554,281710241;
MG;3112406;Capetinga;96759,814915044;
MG;3112505;Capim Branco;57594,2165399615;
MG;3112604;Capinópolis;311174,205819101;
MG;3112653;Capitão Andrade;28387,9516809561;
MG;3112703;Capitão Enéas;234112,258088398;
MG;3112802;Capitólio;153322,38734577;
MG;3112901;Caputira;67104,0146364941;
MG;3113008;Caraí;98229,3242615924;
MG;3113107;Caranaíba;19364,5667798185;
MG;3113206;Carandaí;350991,933977261;
MG;3113305;Carangola;298411,227723808;
MG;3113404;Caratinga;1065855,48184939;
MG;3113503;Carbonita;103015,966205527;
MG;3113602;Careaçu;81316,4293648973;
MG;3113701;Carlos Chagas;221636,366475992;
MG;3113800;Carmésia;18573,3284245454;
MG;3113909;Carmo da Cachoeira;150145,296935158;
MG;3114006;Carmo da Mata;124044,70097151;
MG;3114105;Carmo de Minas;135580,909510662;
MG;3114204;Carmo do Cajuru;293640,457227708;
MG;3114303;Carmo do Paranaíba;494920,291434232;
MG;3114402;Carmo do Rio Claro;324252,278834635;
MG;3114501;Carmópolis de Minas;215480,111945407;
MG;3114550;Carneirinho;190215,101029511;
MG;3114600;Carrancas;82928,7817419552;
MG;3114709;Carvalhópolis;33323,97195745;
MG;3114808;Carvalhos;37642,4061902707;
MG;3114907;Casa Grande;32322,2035147268;
MG;3115003;Cascalho Rico;37346,4503688884;
MG;3115102;Cássia;203731,039282358;
MG;3115201;Conceição da Barra de Minas;32085,0654117895;
MG;3115300;Cataguases;770983,120185357;
MG;3115359;Catas Altas;2349141,39649865;
MG;3115409;Catas Altas da Noruega;19042,4697502383;
MG;3115458;Catuji;38879,9123140636;
MG;3115474;Catuti;26535,1935499361;
MG;3115508;Caxambu;173201,842565628;
MG;3115607;Cedro do Abaeté;10459,2841228603;
MG;3115706;Central de Minas;40645,3774819944;
MG;3115805;Centralina;163882,035035819;
MG;3115904;Chácara;22010,4304952684;
MG;3116001;Chalé;53300,5230934709;
MG;3116100;Chapada do Norte;51874,8936321116;
MG;3116159;Chapada Gaúcha;188178,420826528;
MG;3116209;Chiador;17389,9719463052;
MG;3116308;Cipotânea;34219,7751455144;
MG;3116407;Claraval;84966,8623668061;
MG;3116506;Claro dos Poções;39085,7743286214;
MG;3116605;Cláudio;522207,978334434;
MG;3116704;Coimbra;65280,6653646967;
MG;3116803;Coluna;56575,176227536;
MG;3116902;Comendador Gomes;72265,9696409834;
MG;3117009;Comercinho;31803,1138090845;
MG;3117108;Conceição da Aparecida;127987,822143777;
MG;3117207;Conceição das Pedras;28495,3173574828;
MG;3117306;Conceição das Alagoas;615423,325502228;
MG;3117405;Conceição de Ipanema;37818,859345606;
MG;3117504;Conceição do Mato Dentro;4225089,58003377;
MG;3117603;Conceição do Pará;230659,751377129;
MG;3117702;Conceição do Rio Verde;160384,714824783;
MG;3117801;Conceição dos Ouros;105090,924606229;
MG;3117836;Cônego Marinho;29632,9267213768;
MG;3117876;Confins;226743,23822035;
MG;3117900;Congonhal;102889,461430142;
MG;3118007;Congonhas;1921212,61914421;
MG;3118106;Congonhas do Norte;23013,5993598595;
MG;3118205;Conquista;228799,524329481;
MG;3118304;Conselheiro Lafaiete;1455761,40507283;
MG;3118403;Conselheiro Pena;179197,048581423;
MG;3118502;Consolação;14681,5560540961;
MG;3118601;Contagem;17029020,2120045;
MG;3118700;Coqueiral;109310,395693729;
MG;3118809;Coração de Jesus;127387,507969805;
MG;3118908;Cordisburgo;68241,1571930989;
MG;3119005;Cordislândia;53108,6652975905;
MG;3119104;Corinto;285823,769169273;
MG;3119203;Coroaci;58627,7278783535;
MG;3119302;Coromandel;716644,884487891;
MG;3119401;Coronel Fabriciano;931756,218674793;
MG;3119500;Coronel Murta;55953,8557255488;
MG;3119609;Coronel Pacheco;28056,0516983017;
MG;3119708;Coronel Xavier Chaves;42440,2515091477;
MG;3119807;Córrego Danta;77304,6875211117;
MG;3119906;Córrego do Bom Jesus;21304,1510666383;
MG;3119955;Córrego Fundo;149675,688802176;
MG;3120003;Córrego Novo;17984,2176255161;
MG;3120102;Couto de Magalhães de Minas;29534,8971906351;
MG;3120151;Crisólita;35672,9462369391;
MG;3120201;Cristais;137955,55819106;
MG;3120300;Cristália;27621,4541120131;
MG;3120409;Cristiano Otoni;57741,2608360742;
MG;3120508;Cristina;109184,357725633;
MG;3120607;Crucilândia;38790,7521218175;
MG;3120706;Cruzeiro da Fortaleza;85912,6139348198;
MG;3120805;Cruzília;148327,082543542;
MG;3120839;Cuparaque;34568,9469978708;
MG;3120870;Curral de Dentro;37556,0468417601;
MG;3120904;Curvelo;1041268,27511748;
MG;3121001;Datas;34526,9343418386;
MG;3121100;Delfim Moreira;58684,6783676416;
MG;3121209;Delfinópolis;115415,768229786;
MG;3121258;Delta;217890,237979787;
MG;3121308;Descoberto;38159,1618594668;
MG;3121407;Desterro de Entre Rios;121931,93118038;
MG;3121506;Desterro do Melo;23632,1190181113;
MG;3121605;Diamantina;459459,275706611;
MG;3121704;Diogo de Vasconcelos;20045,6386148293;
MG;3121803;Dionísio;42424,8468686026;
MG;3121902;Divinésia;29742,6264343498;
MG;3122009;Divino;149127,190237311;
MG;3122108;Divino das Laranjeiras;28799,6757100716;
MG;3122207;Divinolândia de Minas;38415,9058685524;
MG;3122306;Divinópolis;3889133,04203586;
MG;3122355;Divisa Alegre;83188,7934020656;
MG;3122405;Divisa Nova;60477,2183583487;
MG;3122454;Divisópolis;43507,3729723655;
MG;3122470;Dom Bosco;32350,6787593708;
MG;3122504;Dom Cavati;32512,1940814501;
MG;3122603;Dom Joaquim;31660,270778575;
MG;3122702;Dom Silvério;50383,4443429686;
MG;3122801;Dom Viçoso;18229,7582596599;
MG;3122900;Dona Eusébia;51304,4551246522;
MG;3123007;Dores de Campos;149478,696126114;
MG;3123106;Dores de Guanhães;89012,2143354175;
MG;3123205;Dores do Indaiá;164424,465105923;
MG;3123304;Dores do Turvo;31204,6668642703;
MG;3123403;Doresópolis;39274,364473477;
MG;3123502;Douradoquara;37033,2226778039;
MG;3123528;Durandé;57367,3481973876;
MG;3123601;Elói Mendes;329533,269697882;
MG;3123700;Engenheiro Caldas;73304,149052268;
MG;3123809;Engenheiro Navarro;42974,7458553351;
MG;3123858;Entre Folhas;30307,9300616275;
MG;3123908;Entre Rios de Minas;126143,466543963;
MG;3124005;Ervália;191146,848378847;
MG;3124104;Esmeraldas;454252,507202354;
MG;3124203;Espera Feliz;191867,132026155;
MG;3124302;Espinosa;169909,450754571;
MG;3124401;Espírito Santo do Dourado;57062,0562302203;
MG;3124500;Estiva;280968,506553818;
MG;3124609;Estrela Dalva;20025,0990941025;
MG;3124708;Estrela do Indaiá;77159,510454156;
MG;3124807;Estrela do Sul;164280,688460835;
MG;3124906;Eugenópolis;103551,860973583;
MG;3125002;Ewbank da Câmara;25377,5114726045;
MG;3125101;Extrema;6372491,33714599;
MG;3125200;Fama;27371,2454049769;
MG;3125309;Faria Lemos;30052,1196671203;
MG;3125408;Felício dos Santos;34421,9027017581;
MG;3125507;São Gonçalo do Rio Preto;22758,7225799308;
MG;3125606;Felisburgo;35340,5794469955;
MG;3125705;Felixlândia;131245,20340814;
MG;3125804;Fernandes Tourinho;21405,915055694;
MG;3125903;Ferros;69052,0014545203;
MG;3125952;Fervedouro;73236,9288026164;
MG;3126000;Florestal;66664,2821700237;
MG;3126109;Formiga;1033562,68719388;
MG;3126208;Formoso;147005,551107685;
MG;3126307;Fortaleza de Minas;51958,4521368868;
MG;3126406;Fortuna de Minas;23934,1433342538;
MG;3126505;Francisco Badaró;36324,1424054382;
MG;3126604;Francisco Dumont;35294,8323326494;
MG;3126703;Francisco Sá;210931,541718988;
MG;3126752;Franciscópolis;48000,8599386537;
MG;3126802;Frei Gaspar;37394,0647123915;
MG;3126901;Frei Inocêncio;70249,8289587272;
MG;3126950;Frei Lagonegro;16599,2003983214;
MG;3127008;Fronteira;436535,770153576;
MG;3127057;Fronteira dos Vales;22851,6172304909;
MG;3127073;Fruta de Leite;21980,0880214674;
MG;3127107;Frutal;1154469,50956708;
MG;3127206;Funilândia;38900,4518347904;
MG;3127305;Galiléia;53091,8602351776;
MG;3127339;Gameleiras;26766,2631581132;
MG;3127354;Glaucilândia;19199,3169994251;
MG;3127370;Goiabeira;23297,4181917214;
MG;3127388;Goianá;29068,0899013884;
MG;3127404;Gonçalves;44012,9252666197;
MG;3127503;Gonzaga;32197,0991612087;
MG;3127602;Gouveia;92858,7063988098;
MG;3127701;Governador Valadares;3446362,12691981;
MG;3127800;Grão Mogol;359856,604400055;
MG;3127909;Grupiara;20632,8821847016;
MG;3128006;Guanhães;465390,529123779;
MG;3128105;Guapé;182420,81972096;
MG;3128204;Guaraciaba;53789,2703253121;
MG;3128253;Guaraciama;36423,5723580477;
MG;3128303;Guaranésia;256434,049045593;
MG;3128402;Guarani;81090,9614441912;
MG;3128501;Guarará;26904,9049230195;
MG;3128600;Guarda-Mor;350442,968605107;
MG;3128709;Guaxupé;1310032,10509394;
MG;3128808;Guidoval;57724,9225809505;
MG;3128907;Guimarânia;152756,150103914;
MG;3129004;Guiricema;53417,2249157825;
MG;3129103;Gurinhatã;84402,9591613961;
MG;3129202;Heliodora;62297,2999791214;
MG;3129301;Iapu;82353,6751616034;
MG;3129400;Ibertioga;48343,0296816715;
MG;3129509;Ibiá;716432,020363995;
MG;3129608;Ibiaí;53665,5663936617;
MG;3129657;Ibiracatu;23930,8756832291;
MG;3129707;Ibiraci;339978,082794776;
MG;3129806;Ibirité;1495419,95194535;
MG;3129905;Ibitiúra de Minas;36241,9843225308;
MG;3130002;Ibituruna;27708,7470751022;
MG;3130051;Icaraí de Minas;52024,2719646705;
MG;3130101;Igarapé;451548,292575748;
MG;3130200;Igaratinga;269903,306569516;
MG;3130309;Iguatama;274216,605922155;
MG;3130408;Ijaci;231014,524916957;
MG;3130507;Ilicínea;123883,185649431;
MG;3130556;Imbé de Minas;47228,7606822398;
MG;3130606;Inconfidentes;61887,4431791628;
MG;3130655;Indaiabira;40757,8780387028;
MG;3130705;Indianópolis;408765,871323582;
MG;3130804;Ingaí;54010,536980415;
MG;3130903;Inhapim;188961,723457884;
MG;3131000;Inhaúma;68055,3678919787;
MG;3131109;Inimutaba;42356,6930043726;
MG;3131158;Ipaba;84172,3563605083;
MG;3131208;Ipanema;160851,05530674;
MG;3131307;Ipatinga;8220092,18123432;
MG;3131406;Ipiaçu;85464,9457444322;
MG;3131505;Ipuiúna;88007,1782416694;
MG;3131604;Iraí de Minas;140766,204879614;
MG;3131703;Itabira;6989005,59128319;
MG;3131802;Itabirinha de Mantena;63683,2508208947;
MG;3131901;Itabirito;6133767,48984713;
MG;3132008;Itacambira;28811,812699592;
MG;3132107;Itacarambi;105667,898415738;
MG;3132206;Itaguara;187873,128859361;
MG;3132305;Itaipé;56764,6999869702;
MG;3132404;Itajubá;1535068,22905752;
MG;3132503;Itamarandiba;302261,921052804;
MG;3132602;Itamarati de Minas;31432,9356287119;
MG;3132701;Itambacuri;159205,559612146;
MG;3132800;Itambé do Mato Dentro;16768,6514443179;
MG;3132909;Itamogi;110336,904922783;
MG;3133006;Itamonte;551848,840779728;
MG;3133105;Itanhandu;219506,324815159;
MG;3133204;Itanhomi;70626,07563386;
MG;3133303;Itaobim;144098,742117546;
MG;3133402;Itapagipe;240064,517833581;
MG;3133501;Itapecerica;293712,812357541;
MG;3133600;Itapeva;396149,470717113;
MG;3133709;Itatiaiuçu;3237211,4550093;
MG;3133758;Itaú de Minas;338092,648153509;
MG;3133808;Itaúna;2373692,65906929;
MG;3133907;Itaverava;33312,7685825081;
MG;3134004;Itinga;69207,9150891287;
MG;3134103;Itueta;57047,1183969644;
MG;3134202;Ituiutaba;1772902,34166308;
MG;3134301;Itumirim;42769,8174553558;
MG;3134400;Iturama;941762,699727084;
MG;3134509;Itutinga;80531,2595043845;
MG;3134608;Jaboticatubas;139062,358273864;
MG;3134707;Jacinto;61424,3703482302;
MG;3134806;Jacuí;70472,9628429871;
MG;3134905;Jacutinga;534011,200643035;
MG;3135001;Jaguaraçu;51276,4466872974;
MG;3135050;Jaíba;396417,418101141;
MG;3135076;Jampruca;38530,2736544178;
MG;3135100;Janaúba;748595,976207667;
MG;3135209;Januária;384928,823905492;
MG;3135308;Japaraíba;47304,850270387;
MG;3135357;Japonvar;36141,6207553428;
MG;3135407;Jeceaba;911795,538986607;
MG;3135456;Jenipapo de Minas;37101,8433493231;
MG;3135506;Jequeri;90551,7447753529;
MG;3135605;Jequitaí;60906,2142571664;
MG;3135704;Jequitibá;58906,878637323;
MG;3135803;Jequitinhonha;128293,580918233;
MG;3135902;Jesuânia;48643,1867686571;
MG;3136009;Joaíma;75923,4047522309;
MG;3136108;Joanésia;51454,7670717896;
MG;3136207;João Monlevade;2264594,66069217;
MG;3136306;João Pinheiro;1006516,33966222;
MG;3136405;Joaquim Felício;33766,5052676559;
MG;3136504;Jordânia;50028,6708031411;
MG;3136520;José Gonçalves de Minas;24154,9431820675;
MG;3136553;José Raydan;33767,9056895236;
MG;3136579;Josenópolis;27087,8933804042;
MG;3136603;Nova União;50190,1861252205;
MG;3136652;Juatuba;670874,429777258;
MG;3136702;Juiz de Fora;9475048,49511378;
MG;3136801;Juramento;24091,45739073;
MG;3136900;Juruaia;127956,079248108;
MG;3136959;Juvenília;30637,9628151249;
MG;3137007;Ladainha;68774,7179247078;
MG;3137106;Lagamar;113213,37143912;
MG;3137205;Lagoa da Prata;927207,181641085;
MG;3137304;Lagoa dos Patos;27826,8493192816;
MG;3137403;Lagoa Dourada;161243,640236997;
MG;3137502;Lagoa Formosa;264018,267073984;
MG;3137536;Lagoa Grande;136543,932948378;
MG;3137601;Lagoa Santa;1022023,677811;
MG;3137700;Lajinha;186570,269715073;
MG;3137809;Lambari;189086,827811402;
MG;3137908;Lamim;24335,1307957167;
MG;3138005;Laranjal;44714,5366223574;
MG;3138104;Lassance;89879,5422788377;
MG;3138203;Lavras;1373314,83526066;
MG;3138302;Leandro Ferreira;25912,4726260811;
MG;3138351;Leme do Prado;30904,9765845739;
MG;3138401;Leopoldina;519569,116728322;
MG;3138500;Liberdade;50246,2029999301;
MG;3138609;Lima Duarte;158555,763865514;
MG;3138625;Limeira do Oeste;216062,220635098;
MG;3138658;Lontra;43813,5985541113;
MG;3138674;Luisburgo;61986,8731317724;
MG;3138682;Luislândia;30563,7404561347;
MG;3138708;Luminárias;69586,9626079969;
MG;3138807;Luz;306704,059217275;
MG;3138906;Machacalis;52492,9464830742;
MG;3139003;Machado;641323,194331499;
MG;3139102;Madre de Deus de Minas;140970,199665015;
MG;3139201;Malacacheta;110082,028142854;
MG;3139250;Mamonas;28058,3857347479;
MG;3139300;Manga;113607,356791245;
MG;3139409;Manhuaçu;1530440,30159193;
MG;3139508;Manhumirim;263043,106646747;
MG;3139607;Mantena;222639,068533294;
MG;3139706;Maravilhas;108837,986717012;
MG;3139805;Mar de Espanha;106235,069272172;
MG;3139904;Maria da Fé;94825,3655084059;
MG;3140001;Mariana;3439145,75303535;
MG;3140100;Marilac;26943,6499280269;
MG;3140159;Mário Campos;92427,8432708351;
MG;3140209;Maripá de Minas;35000,743740424;
MG;3140308;Marliéria;28218,5006349595;
MG;3140407;Marmelópolis;19976,5511360208;
MG;3140506;Martinho Campos;221627,030330207;
MG;3140530;Martins Soares;100681,462952005;
MG;3140555;Mata Verde;42748,8111273398;
MG;3140605;Materlândia;28257,7124472562;
MG;3140704;Mateus Leme;503988,956642426;
MG;3140803;Matias Barbosa;293250,673141187;
MG;3140852;Matias Cardoso;74053,3747515088;
MG;3140902;Matipó;198543,40987696;
MG;3141009;Mato Verde;73558,5590249074;
MG;3141108;Matozinhos;703083,665927987;
MG;3141207;Matutina;45370,8676710381;
MG;3141306;Medeiros;115455,446849372;
MG;3141405;Medina;118126,051351152;
MG;3141504;Mendes Pimentel;36129,0169585331;
MG;3141603;Mercês;70846,4086743844;
MG;3141702;Mesquita;27757,7618404731;
MG;3141801;Minas Novas;163448,837871398;
MG;3141900;Minduri;76456,4986765505;
MG;3142007;Mirabela;76097,5238711199;
MG;3142106;Miradouro;81227,2691726512;
MG;3142205;Miraí;155964,983410196;
MG;3142254;Miravânia;21850,3155950568;
MG;3142304;Moeda;35870,4057202905;
MG;3142403;Moema;71241,7944483763;
MG;3142502;Monjolos;21851,7160169246;
MG;3142601;Monsenhor Paulo;106505,817499935;
MG;3142700;Montalvânia;77217,3945580226;
MG;3142809;Monte Alegre de Minas;353789,510061716;
MG;3142908;Monte Azul;119564,284609321;
MG;3143005;Monte Belo;170800,119062454;
MG;3143104;Monte Carmelo;727619,990665369;
MG;3143153;Monte Formoso;20565,1951277608;
MG;3143203;Monte Santo de Minas;225632,236871943;
MG;3143302;Montes Claros;5041635,89249334;
MG;3143401;Monte Sião;283094,346949048;
MG;3143450;Montezuma;42512,6066389809;
MG;3143500;Morada Nova de Minas;252622,567528895;
MG;3143609;Morro da Garça;23830,9789233303;
MG;3143708;Morro do Pilar;20594,6039869834;
MG;3143807;Munhoz;60014,1455274161;
MG;3143906;Muriaé;1239399,49415803;
MG;3144003;Mutum;237410,251586925;
MG;3144102;Muzambinho;249947,761761511;
MG;3144201;Nacip Raydan;17452,057315775;
MG;3144300;Nanuque;377459,907277546;
MG;3144359;Naque;42035,0627820816;
MG;3144375;Natalândia;35070,764833811;
MG;3144409;Natércia;53848,0880437572;
MG;3144508;Nazareno;312238,993245872;
MG;3144607;Nepomuceno;288721,242013627;
MG;3144656;Ninheira;58996,9724441476;
MG;3144672;Nova Belém;38944,7985272689;
MG;3144706;Nova Era;202076,674249268;
MG;3144805;Nova Lima;9822860,5378367;
MG;3144904;Nova Módica;27378,2475143156;
MG;3145000;Nova Ponte;521099,311022473;
MG;3145059;Nova Porteirinha;54269,6150259469;
MG;3145109;Nova Resende;180033,100436463;
MG;3145208;Nova Serrana;1230453,59926691;
MG;3145307;Novo Cruzeiro;154255,068309685;
MG;3145356;Novo Oriente de Minas;56750,2289610035;
MG;3145372;Novorizonte;32871,1688868808;
MG;3145406;Olaria;14895,3537925711;
MG;3145455;Olhos-d'Água;98930,9356173301;
MG;3145505;Olímpio Noronha;20506,3774093157;
MG;3145604;Oliveira;515845,861789291;
MG;3145703;Oliveira Fortes;18920,6330477449;
MG;3145802;Onça de Pitangui;30302,7951814458;
MG;3145851;Oratórios;33079,8317451741;
MG;3145877;Orizânia;56978,0309181559;
MG;3145901;Ouro Branco;4127869,02632424;
MG;3146008;Ouro Fino;436086,234734031;
MG;3146107;Ouro Preto;4444021,73188316;
MG;3146206;Ouro Verde de Minas;31656,0695129718;
MG;3146255;Padre Carvalho;27164,4497758406;
MG;3146305;Padre Paraíso;99858,9485083524;
MG;3146404;Paineiras;38663,3137318531;
MG;3146503;Pains;248074,464109765;
MG;3146552;Pai Pedro;27375,9134778693;
MG;3146602;Paiva;12744,3058037226;
MG;3146701;Palma;48395,3120980671;
MG;3146750;Palmópolis;29816,84879334;
MG;3146909;Papagaios;174746,041078456;
MG;3147006;Paracatu;3360366,8880948;
MG;3147105;Pará de Minas;1879037,98098264;
MG;3147204;Paraguaçu;303776,710706409;
MG;3147303;Paraisópolis;276625,331534668;
MG;3147402;Paraopeba;428756,426678281;
MG;3147501;Passabém;11014,3179897745;
MG;3147600;Passa Quatro;220530,500007766;
MG;3147709;Passa Tempo;224217,810785526;
MG;3147808;Passa-Vinte;19646,5183825234;
MG;3147907;Passos;1411956,20904992;
MG;3147956;Patis;25682,8034397718;
MG;3148004;Patos de Minas;2868591,47736822;
MG;3148103;Patrocínio;1717105,79999401;
MG;3148202;Patrocínio do Muriaé;54179,9880264115;
MG;3148301;Paula Cândido;63866,2392782794;
MG;3148400;Paulistas;31439,4709307614;
MG;3148509;Pavão;43449,488868499;
MG;3148608;Peçanha;126107,055575402;
MG;3148707;Pedra Azul;187398,852653486;
MG;3148756;Pedra Bonita;45036,1668446483;
MG;3148806;Pedra do Anta;26947,3843863409;
MG;3148905;Pedra do Indaiá;54221,5338751545;
MG;3149002;Pedra Dourada;19742,6806841082;
MG;3149101;Pedralva;85275,4219849981;
MG;3149150;Pedras de Maria da Cruz;51157,4108285395;
MG;3149200;Pedrinópolis;95282,3698445784;
MG;3149309;Pedro Leopoldo;905165,475057437;
MG;3149408;Pedro Teixeira;14129,3230309174;
MG;3149507;Pequeri;29194,127869485;
MG;3149606;Pequi;39914,8240743234;
MG;3149705;Perdigão;106053,948043945;
MG;3149804;Perdizes;760472,020453391;
MG;3149903;Perdões;292707,309456504;
MG;3149952;Periquito;52132,1044484865;
MG;3150000;Pescador;21987,0901308061;
MG;3150109;Piau;43259,9651090648;
MG;3150158;Piedade de Caratinga;65716,1965655638;
MG;3150208;Piedade de Ponte Nova;29285,1552908881;
MG;3150307;Piedade do Rio Grande;51535,9915401185;
MG;3150406;Piedade dos Gerais;41929,0975274227;
MG;3150505;Pimenta;131509,883141143;
MG;3150539;Pingo-d'Água;24610,080289083;
MG;3150570;Pintópolis;33245,5483328566;
MG;3150604;Piracema;141535,970099582;
MG;3150703;Pirajuba;188507,986772736;
MG;3150802;Piranga;93444,5495468143;
MG;3150901;Piranguçu;36582,7536436809;
MG;3151008;Piranguinho;63522,6691133938;
MG;3151107;Pirapetinga;298331,870484637;
MG;3151206;Pirapora;1342191,85967201;
MG;3151305;Piraúba;93671,8846966775;
MG;3151404;Pitangui;346061,982195527;
MG;3151503;Piumhi;597903,114322223;
MG;3151602;Planura;268100,496818446;
MG;3151701;Poço Fundo;188528,059486174;
MG;3151800;Poços de Caldas;3982656,01520726;
MG;3151909;Pocrane;56819,316439812;
MG;3152006;Pompéu;546251,821381661;
MG;3152105;Ponte Nova;1001298,83459031;
MG;3152131;Ponto Chique;24309,4563948081;
MG;3152170;Ponto dos Volantes;57210,0341409115;
MG;3152204;Porteirinha;245978,966188336;
MG;3152303;Porto Firme;60800,2490025074;
MG;3152402;Poté;78794,736388387;
MG;3152501;Pouso Alegre;5004217,5538019;
MG;3152600;Pouso Alto;129524,084932687;
MG;3152709;Prados;106992,69750262;
MG;3152808;Prata;603741,006281541;
MG;3152907;Pratápolis;106735,019878955;
MG;3153004;Pratinha;72229,5586724222;
MG;3153103;Presidente Bernardes;31610,3223986256;
MG;3153202;Presidente Juscelino;22917,9038655639;
MG;3153301;Presidente Kubitschek;16895,623026993;
MG;3153400;Presidente Olegário;341464,397203737;
MG;3153509;Alto Jequitibá;58632,8627585352;
MG;3153608;Prudente de Morais;94825,3655084059;
MG;3153707;Quartel Geral;36238,7166715061;
MG;3153806;Queluzito;18693,764705171;
MG;3153905;Raposos;90420,1051197853;
MG;3154002;Raul Soares;197653,208376367;
MG;3154101;Recreio;57567,6085244744;
MG;3154150;Reduto;56588,7136389242;
MG;3154200;Resende Costa;96878,8507738019;
MG;3154309;Resplendor;129705,672968204;
MG;3154408;Ressaquinha;174135,457144121;
MG;3154457;Riachinho;73411,5147287947;
MG;3154507;Riacho dos Machados;248690,64973157;
MG;3154606;Ribeirão das Neves;2418860,46556951;
MG;3154705;Ribeirão Vermelho;49177,2143075553;
MG;3154804;Rio Acima;220552,90675765;
MG;3154903;Rio Casca;110804,645826608;
MG;3155009;Rio Doce;24214,6945150911;
MG;3155108;Rio do Prado;24588,1403464884;
MG;3155207;Rio Espera;27826,3825119923;
MG;3155306;Rio Manso;53096,9951153593;
MG;3155405;Rio Novo;56067,2898968357;
MG;3155504;Rio Paranaíba;423092,187030562;
MG;3155603;Rio Pardo de Minas;161266,51379417;
MG;3155702;Rio Piracicaba;625195,469295317;
MG;3155801;Rio Pomba;194863,568015829;
MG;3155900;Rio Preto;32294,6618846612;
MG;3156007;Rio Vermelho;65711,5284926713;
MG;3156106;Ritápolis;42179,3062344588;
MG;3156205;Rochedo de Minas;53559,6011390027;
MG;3156304;Rodeiro;256788,822585421;
MG;3156403;Romaria;126760,118973058;
MG;3156452;Rosário da Limeira;31621,0589662783;
MG;3156502;Rubelita;37384,2617593173;
MG;3156601;Rubim;52151,7103546349;
MG;3156700;Sabará;1961398,19144629;
MG;3156809;Sabinópolis;156261,406038867;
MG;3156908;Sacramento;976087,973319969;
MG;3157005;Salinas;311551,386108812;
MG;3157104;Salto da Divisa;61652,1723053825;
MG;3157203;Santa Bárbara;760192,402887132;
MG;3157252;Santa Bárbara do Leste;52119,0338443876;
MG;3157278;Santa Bárbara do Monte Verde;26255,1091763881;
MG;3157302;Santa Bárbara do Tugúrio;32953,7937770775;
MG;3157336;Santa Cruz de Minas;48323,4237755232;
MG;3157377;Santa Cruz de Salinas;22877,7584386887;
MG;3157401;Santa Cruz do Escalvado;35927,8230168678;
MG;3157500;Santa Efigênia de Minas;23816,0410900744;
MG;3157609;Santa Fé de Minas;27981,3625320222;
MG;3157658;Santa Helena de Minas;27051,9492191322;
MG;3157708;Santa Juliana;401679,269865529;
MG;3157807;Santa Luzia;2469685,5096081;
MG;3157906;Santa Margarida;165279,189252534;
MG;3158003;Santa Maria de Itabira;125591,233520784;
MG;3158102;Santa Maria do Salto;23338,0304258859;
MG;3158201;Santa Maria do Suaçuí;79749,3572948964;
MG;3158300;Santana da Vargem;113392,158630902;
MG;3158409;Santana de Cataguases;23309,0883739526;
MG;3158508;Santana de Pirapama;54469,4085457444;
MG;3158607;Santana do Deserto;22116,3957499274;
MG;3158706;Santana do Garambéu;18278,7730250308;
MG;3158805;Santana do Jacaré;49478,3050091193;
MG;3158904;Santana do Manhuaçu;88621,496634318;
MG;3158953;Santana do Paraíso;350321,598709903;
MG;3159001;Santana do Riacho;48448,061321752;
MG;3159100;Santana dos Montes;23277,8122855731;
MG;3159209;Santa Rita de Caldas;106411,055620218;
MG;3159308;Santa Rita de Jacutinga;34925,120959566;
MG;3159357;Santa Rita de Minas;70867,4150024005;
MG;3159407;Santa Rita de Ibitipoca;28830,4849911619;
MG;3159506;Santa Rita do Itueto;83596,3161655779;
MG;3159605;Santa Rita do Sapucaí;907759,98997107;
MG;3159704;Santa Rosa da Serra;47630,2149509919;
MG;3159803;Santa Vitória;374701,543005387;
MG;3159902;Santo Antônio do Amparo;165451,441142266;
MG;3160009;Santo Antônio do Aventureiro;31705,5510856319;
MG;3160108;Santo Antônio do Grama;39992,3140843383;
MG;3160207;Santo Antônio do Itambé;20869,5534803496;
MG;3160306;Santo Antônio do Jacinto;53474,6422123598;
MG;3160405;Santo Antônio do Monte;393532,082246308;
MG;3160454;Santo Antônio do Retiro;33026,6157141999;
MG;3160504;Santo Antônio do Rio Abaixo;13302,6073216616;
MG;3160603;Santo Hipólito;23433,7259201814;
MG;3160702;Santos Dumont;514877,703471394;
MG;3160801;São Bento Abade;41690,5590026176;
MG;3160900;São Brás do Suaçuí;37580,3208208009;
MG;3160959;São Domingos das Dores;42674,1219610603;
MG;3161007;São Domingos do Prata;146339,883913219;
MG;3161056;São Félix de Minas;20490,5059614814;
MG;3161106;São Francisco;302560,210910633;
MG;3161205;São Francisco de Paula;70245,627693124;
MG;3161304;São Francisco de Sales;90601,226348013;
MG;3161403;São Francisco do Glória;33874,8045587611;
MG;3161502;São Geraldo;123439,718724647;
MG;3161601;São Geraldo da Piedade;20922,7695113237;
MG;3161650;São Geraldo do Baixio;23314,2232541343;
MG;3161700;São Gonçalo do Abaeté;151983,117232922;
MG;3161809;São Gonçalo do Pará;145292,835163439;
MG;3161908;São Gonçalo do Rio Abaixo;3549533,07314537;
MG;3162005;São Gonçalo do Sapucaí;460993,204459075;
MG;3162104;São Gotardo;555201,917538386;
MG;3162203;São João Batista do Glória;125178,109069801;
MG;3162252;São João da Lagoa;28203,5628017036;
MG;3162302;São João da Mata;25712,6791062835;
MG;3162401;São João da Ponte;125522,146041976;
MG;3162450;São João das Missões;43132,9935263897;
MG;3162500;São João del Rei;1402780,1781652;
MG;3162559;São João do Manhuaçu;85471,9478537709;
MG;3162575;São João do Manteninha;37924,824600265;
MG;3162609;São João do Oriente;47556,9262065802;
MG;3162658;São João do Pacuí;20841,0782357056;
MG;3162708;São João do Paraíso;133077,422018433;
MG;3162807;São João Evangelista;118152,659366639;
MG;3162906;São João Nepomuceno;236348,731811178;
MG;3162922;São Joaquim de Bicas;505717,544034507;
MG;3162948;São José da Barra;416147,49498844;
MG;3162955;São José da Lapa;291845,583200554;
MG;3163003;São José da Safira;23134,9692550636;
MG;3163102;São José da Varginha;53406,0215408406;
MG;3163201;São José do Alegre;27046,8143389504;
MG;3163300;São José do Divino;24762,2594653774;
MG;3163409;São José do Goiabal;31457,2096077527;
MG;3163508;São José do Jacuri;46639,1830759213;
MG;3163607;São José do Mantimento;20621,2120024704;
MG;3163706;São Lourenço;549862,575763983;
MG;3163805;São Miguel do Anta;49056,3112196404;
MG;3163904;São Pedro da União;69164,968818518;
MG;3164001;São Pedro dos Ferros;62743,5677476412;
MG;3164100;São Pedro do Suaçuí;38178,7677656151;
MG;3164209;São Romão;113490,654968933;
MG;3164308;São Roque de Minas;150865,113775176;
MG;3164407;São Sebastião da Bela Vista;206795,629136262;
MG;3164431;São Sebastião da Vargem Alegre;31190,1958383036;
MG;3164472;São Sebastião do Anta;48660,4586383592;
MG;3164506;São Sebastião do Maranhão;47061,6436726895;
MG;3164605;São Sebastião do Oeste;278685,352102113;
MG;3164704;São Sebastião do Paraíso;1044024,30535319;
MG;3164803;São Sebastião do Rio Preto;12122,9853017353;
MG;3164902;São Sebastião do Rio Verde;16661,2857677912;
MG;3165008;São Tiago;114878,473039863;
MG;3165107;São Tomás de Aquino;91154,8597930596;
MG;3165206;São Thomé das Letras;64121,5828654973;
MG;3165305;São Vicente de Minas;96213,6503866254;
MG;3165404;Sapucaí-Mirim;51475,7733998057;
MG;3165503;Sardoá;32117,2751147475;
MG;3165537;Sarzedo;1022771,03628108;
MG;3165552;Setubinha;57270,7190885135;
MG;3165560;Sem-Peixe;17115,4892602281;
MG;3165578;Senador Amaral;41754,9784085337;
MG;3165602;Senador Cortes;17755,015246496;
MG;3165701;Senador Firmino;49844,2819238887;
MG;3165800;Senador José Bento;16569,7915390988;
MG;3165909;Senador Modestino Gonçalves;43042,8997195651;
MG;3166006;Senhora de Oliveira;37850,1354339855;
MG;3166105;Senhora do Porto;23236,7332441194;
MG;3166204;Senhora dos Remédios;54041,8130687945;
MG;3166303;Sericita;49007,7632615587;
MG;3166402;Seritinga;21114,6273072041;
MG;3166501;Serra Azul de Minas;21037,1372971892;
MG;3166600;Serra da Saudade;10218,8783688982;
MG;3166709;Serra dos Aimorés;42495,3347692788;
MG;3166808;Serra do Salitre;458975,196547662;
MG;3166907;Serrania;75457,997884852;
MG;3166956;Serranópolis de Minas;22152,8067184887;
MG;3167004;Serranos;18001,022687929;
MG;3167103;Serro;136513,123667288;
MG;3167202;Sete Lagoas;5909658,91196729;
MG;3167301;Silveirânia;16408,2762170195;
MG;3167400;Silvianópolis;66079,3726365977;
MG;3167509;Simão Pereira;48581,5682064765;
MG;3167608;Simonésia;133174,051127307;
MG;3167707;Sobrália;31450,207498414;
MG;3167806;Soledade de Minas;38220,7804216473;
MG;3167905;Tabuleiro;30683,709929471;
MG;3168002;Taiobeiras;260207,252364574;
MG;3168051;Taparuba;22906,2336833327;
MG;3168101;Tapira;321741,322425777;
MG;3168200;Tapiraí;26160,3472966711;
MG;3168309;Taquaraçu de Minas;30773,3369290064;
MG;3168408;Tarumirim;87918,9516640018;
MG;3168507;Teixeiras;89310,5041932461;
MG;3168606;Teófilo Otoni;1377861,07145064;
MG;3168705;Timóteo;2619413,94763396;
MG;3168804;Tiradentes;96025,527049059;
MG;3168903;Tiros;177320,95008594;
MG;3169000;Tocantins;163238,307783948;
MG;3169059;Tocos do Moji;33012,1446882333;
MG;3169109;Toledo;50023,5359229594;
MG;3169208;Tombos;61141,951938236;
MG;3169307;Três Corações;1381451,28631223;
MG;3169356;Três Marias;1471205,25743026;
MG;3169406;Três Pontas;877254,133618802;
MG;3169505;Tumiritinga;38705,3263878853;
MG;3169604;Tupaciguara;441860,640902012;
MG;3169703;Turmalina;207125,195082471;
MG;3169802;Turvolândia;65268,9951824655;
MG;3169901;Ubá;1668341,24333014;
MG;3170008;Ubaí;54718,6836382022;
MG;3170057;Ubaporanga;78419,4233278327;
MG;3170107;Uberaba;9521710,55174688;
MG;3170206;Uberlândia;20133064,6179959;
MG;3170305;Umburatiba;20619,8115806027;
MG;3170404;Unaí;2016403,49476009;
MG;3170438;União de Minas;60882,8738927041;
MG;3170479;Uruana de Minas;45325,5873639812;
MG;3170503;Urucânia;112032,348997326;
MG;3170529;Urucuia;90206,7741885996;
MG;3170578;Vargem Alegre;36098,6744847321;
MG;3170602;Vargem Bonita;40909,590407708;
MG;3170651;Vargem Grande do Rio Pardo;31803,5806163737;
MG;3170701;Varginha;3778249,50577737;
MG;3170750;Varjão de Minas;147603,998052499;
MG;3170800;Várzea da Palma;498369,530494475;
MG;3170909;Varzelândia;87389,1253907069;
MG;3171006;Vazante;545533,40496351;
MG;3171030;Verdelândia;53893,3683508141;
MG;3171071;Veredinha;62109,6434488442;
MG;3171105;Veríssimo;79559,8335354622;
MG;3171154;Vermelho Novo;29976,4968862624;
MG;3171204;Vespasiano;1410008,68903918;
MG;3171303;Viçosa;845788,988287132;
MG;3171402;Vieiras;24955,0508758362;
MG;3171501;Mathias Lobato;20507,3110238942;
MG;3171600;Virgem da Lapa;61433,7064940151;
MG;3171709;Virgínia;84233,5081153996;
MG;3171808;Virginópolis;85870,6012787876;
MG;3171907;Virgolândia;29256,6800462441;
MG;3172004;Visconde do Rio Branco;630973,609921612;
MG;3172103;Volta Grande;65521,5379259479;
MG;3172202;Wenceslau Braz;15445,7195865929;
RJ;3300100;Angra dos Reis;5225554,69680549;
RJ;3300159;Aperibé;116293,36593357;
RJ;3300209;Araruama;1976585,76660193;
RJ;3300225;Areal;199533,974944742;
RJ;3300233;Armação dos Búzios;1386573,09588985;
RJ;3300258;Arraial do Cabo;1262936,38448914;
RJ;3300308;Barra do Piraí;1266873,43716664;
RJ;3300407;Barra Mansa;3010584,45180397;
RJ;3300456;Belford Roxo;4126486,80994078;
RJ;3300506;Bom Jardim;414199,974977703;
RJ;3300605;Bom Jesus do Itabapoana;423938,975453255;
RJ;3300704;Cabo Frio;5769563,97596961;
RJ;3300803;Cachoeiras de Macacu;609423,451413541;
RJ;3300902;Cambuci;186985,728202503;
RJ;3300936;Carapebus;339261,066798493;
RJ;3300951;Comendador Levy Gasparian;281939,932522741;
RJ;3301009;Campos dos Goytacazes;17355829,6611697;
RJ;3301108;Cantagalo;392781,456125199;
RJ;3301157;Cardoso Moreira;184613,880365841;
RJ;3301207;Carmo;261950,310782621;
RJ;3301306;Casimiro de Abreu;1098009,1679327;
RJ;3301405;Conceição de Macabu;202661,583782694;
RJ;3301504;Cordeiro;212946,281979376;
RJ;3301603;Duas Barras;116337,712626048;
RJ;3301702;Duque de Caxias;24804583,0150642;
RJ;3301801;Engenheiro Paulo de Frontin;189871,064057336;
RJ;3301850;Guapimirim;636731,677834469;
RJ;3301876;Iguaba Grande;294746,323695933;
RJ;3301900;Itaboraí;2633137,61513053;
RJ;3302007;Itaguaí;4902759,79032788;
RJ;3302056;Italva;195483,021288659;
RJ;3302106;Itaocara;296840,888002783;
RJ;3302205;Itaperuna;1584797,67638825;
RJ;3302254;Itatiaia;3217903,83871877;
RJ;3302270;Japeri;714310,848041658;
RJ;3302304;Laje do Muriaé;85969,5644241079;
RJ;3302403;Macaé;8284436,43117679;
RJ;3302452;Macuco;100305,216276872;
RJ;3302502;Magé;2224730,71861237;
RJ;3302601;Mangaratiba;1499338,33233129;
RJ;3302700;Maricá;40058738,894369;
RJ;3302809;Mendes;166974,166519788;
RJ;3302858;Mesquita;1222675,18940619;
RJ;3302908;Miguel Pereira;295260,278521394;
RJ;3303005;Miracema;309116,052480812;
RJ;3303104;Natividade;151369,732454852;
RJ;3303203;Nilópolis;1428190,36614805;
RJ;3303302;Niterói;30970670,3743896;
RJ;3303401;Nova Friburgo;2952525,76201121;
RJ;3303500;Nova Iguaçu;8306645,72157727;
RJ;3303609;Paracambi;542843,194555582;
RJ;3303708;Paraíba do Sul;584924,471259299;
RJ;3303807;Parati;912749,693085827;
RJ;3303856;Paty do Alferes;319699,040535323;
RJ;3303906;Petrópolis;7312745,31571423;
RJ;3303955;Pinheiral;678106,208302267;
RJ;3304003;Piraí;1143673,19058138;
RJ;3304102;Porciúncula;194168,491962141;
RJ;3304110;Porto Real;1981943,31386062;
RJ;3304128;Quatis;142383,225329565;
RJ;3304144;Queimados;2036081,75603829;
RJ;3304151;Quissamã;2799402,70137795;
RJ;3304201;Resende;5020236,97954698;
RJ;3304300;Rio Bonito;854917,871635639;
RJ;3304409;Rio Claro;203514,440700148;
RJ;3304508;Rio das Flores;137423,864688608;
RJ;3304524;Rio das Ostras;4177491,10797845;
RJ;3304557;Rio de Janeiro;167880124,166816;
RJ;3304607;Santa Maria Madalena;109504,587526056;
RJ;3304706;Santo Antônio de Pádua;599681,183286963;
RJ;3304755;São Francisco de Itabapoana;552947,705138614;
RJ;3304805;São Fidélis;394541,786412948;
RJ;3304904;São Gonçalo;9487803,53748516;
RJ;3305000;São João da Barra;4615265,3178704;
RJ;3305109;São João de Meriti;4184358,77681784;
RJ;3305133;São José de Ubá;91896,6165756725;
RJ;3305158;São José do Vale do Rio Preto;344768,926004314;
RJ;3305208;São Pedro da Aldeia;1280760,95402173;
RJ;3305307;São Sebastião do Alto;112635,464015033;
RJ;3305406;Sapucaia;467075,703437959;
RJ;3305505;Saquarema;19689094,941761;
RJ;3305554;Seropédica;2229955,69260091;
RJ;3305604;Silva Jardim;281318,612020753;
RJ;3305703;Sumidouro;280143,65807372;
RJ;3305752;Tanguá;324220,535938966;
RJ;3305802;Teresópolis;2765341,64071078;
RJ;3305901;Trajano de Morais;112976,700143472;
RJ;3306008;Três Rios;2963373,42979872;
RJ;3306107;Valença;1457658,04308904;
RJ;3306156;Varre-Sai;123309,012683658;
RJ;3306206;Vassouras;616779,400677489;
RJ;3306305;Volta Redonda;9182697,35961898;
RJ;3399919;Sâo João Marcos;;
RJ;3399929;São Sebastião do Parahyba;;
SP;3500105;Adamantina;639930,241380387;
SP;3500204;Adolfo;53911,5738350947;
SP;3500303;Aguaí;613728,815042263;
SP;3500402;Águas da Prata;97564,5906817052;
SP;3500501;Águas de Lindóia;273364,215811991;
SP;3500550;Águas de Santa Bárbara;101435,356724138;
SP;3500600;Águas de São Pedro;69019,7917515623;
SP;3500709;Agudos;1231728,44997384;
SP;3500758;Alambari;60400,195155623;
SP;3500808;Alfredo Marcondes;56182,5912972796;
SP;3500907;Altair;52410,3215928775;
SP;3501004;Altinópolis;389035,327628995;
SP;3501103;Alto Alegre;53022,3059490799;
SP;3501152;Alumínio;1858972,73646166;
SP;3501202;Álvares Florence;58047,9532251092;
SP;3501301;Álvares Machado;331375,291261249;
SP;3501400;Álvaro de Carvalho;27348,3718478038;
SP;3501509;Alvinlândia;27263,8797284501;
SP;3501608;Americana;7103537,22650714;
SP;3501707;Américo Brasiliense;574380,228209795;
SP;3501806;Américo de Campos;59192,0978910527;
SP;3501905;Amparo;2405063,97613582;
SP;3502002;Analândia;97242,493652125;
SP;3502101;Andradina;1328199,77798413;
SP;3502200;Angatuba;688144,899057516;
SP;3502309;Anhembi;79150,9103500822;
SP;3502408;Anhumas;49304,6526975196;
SP;3502507;Aparecida;485977,664194134;
SP;3502606;Aparecida d'Oeste;70739,9766124362;
SP;3502705;Apiaí;419058,972051471;
SP;3502754;Araçariguama;2247445,56130712;
SP;3502804;Araçatuba;4209648,52852007;
SP;3502903;Araçoiaba da Serra;562915,441185898;
SP;3503000;Aramina;70150,3990061176;
SP;3503109;Arandu;90942,4624764523;
SP;3503158;Arapeí;21271,474556391;
SP;3503208;Araraquara;5579858,16169267;
SP;3503307;Araras;3240840,88168319;
SP;3503356;Arco-Íris;28986,8654330595;
SP;3503406;Arealva;106003,999663995;
SP;3503505;Areias;27127,5719999901;
SP;3503604;Areiópolis;76117,5965845575;
SP;3503703;Ariranha;530718,342024689;
SP;3503802;Artur Nogueira;803719,381765646;
SP;3503901;Arujá;3871405,56841942;
SP;3503950;Aspásia;18460,3610605477;
SP;3504008;Assis;1905748,22726604;
SP;3504107;Atibaia;3902990,68322443;
SP;3504206;Auriflama;167370,952715648;
SP;3504305;Avaí;175563,420641927;
SP;3504404;Avanhandava;93076,2385955987;
SP;3504503;Avaré;1530624,69047118;
SP;3504602;Bady Bassitt;257607,13576347;
SP;3504701;Balbinos;30529,1967167304;
SP;3504800;Bálsamo;130072,116690263;
SP;3504909;Bananal;100838,777008481;
SP;3505005;Barão de Antonina;34990,0071727713;
SP;3505104;Barbosa;50940,3454390398;
SP;3505203;Bariri;757817,754206734;
SP;3505302;Barra Bonita;707517,868368541;
SP;3505351;Barra do Chapéu;62429,8732492674;
SP;3505401;Barra do Turvo;58734,1599403018;
SP;3505500;Barretos;2755804,30098418;
SP;3505609;Barrinha;291668,66323793;
SP;3505708;Barueri;27087737,9335768;
SP;3505807;Bastos;498184,674807934;
SP;3505906;Batatais;1128181,25707315;
SP;3506003;Bauru;7805656,46857555;
SP;3506102;Bebedouro;1904800,14166158;
SP;3506201;Bento de Abreu;98244,2620948483;
SP;3506300;Bernardino de Campos;176429,814970768;
SP;3506359;Bertioga;965206,695407629;
SP;3506409;Bilac;136577,076265915;
SP;3506508;Birigui;1842669,49188472;
SP;3506607;Biritiba-Mirim;453277,346775118;
SP;3506706;Boa Esperança do Sul;177738,275802527;
SP;3506805;Bocaina;131622,85050514;
SP;3506904;Bofete;99165,7396838212;
SP;3507001;Boituva;1583984,03128309;
SP;3507100;Bom Jesus dos Perdões;682955,86923025;
SP;3507159;Bom Sucesso de Itararé;29808,9130694228;
SP;3507209;Borá;34634,7668256546;
SP;3507308;Boracéia;242344,404634262;
SP;3507407;Borborema;241891,134756404;
SP;3507456;Borebi;34517,1313887645;
SP;3507506;Botucatu;2791208,36622251;
SP;3507605;Bragança Paulista;3713125,22085457;
SP;3507704;Braúna;56337,5713173095;
SP;3507753;Brejo Alegre;35325,6416137396;
SP;3507803;Brodowski;417713,633443862;
SP;3507902;Brotas;524685,324618466;
SP;3508009;Buri;319356,870792305;
SP;3508108;Buritama;292951,916476069;
SP;3508207;Buritizal;114128,780533333;
SP;3508306;Cabrália Paulista;48026,067532273;
SP;3508405;Cabreúva;2782793,69802655;
SP;3508504;Caçapava;2434191,35056295;
SP;3508603;Cachoeira Paulista;314456,327869794;
SP;3508702;Caconde;268131,772906825;
SP;3508801;Cafelândia;318616,51443156;
SP;3508900;Caiabu;32585,9496331511;
SP;3509007;Caieiras;2268150,33181436;
SP;3509106;Caiuá;44932,5356264355;
SP;3509205;Cajamar;10602668,6498253;
SP;3509254;Cajati;819352,291075227;
SP;3509304;Cajobi;79784,8346488791;
SP;3509403;Cajuru;355589,98577634;
SP;3509452;Campina do Monte Alegre;70528,5129104074;
SP;3509502;Campinas;34052086,2970347;
SP;3509601;Campo Limpo Paulista;1181465,90871879;
SP;3509700;Campos do Jordão;676780,942408096;
SP;3509809;Campos Novos Paulista;90889,7132527675;
SP;3509908;Cananéia;123428,515349705;
SP;3509957;Canas;60712,9560394183;
SP;3510005;Cândido Mota;708775,447205771;
SP;3510104;Cândido Rodrigues;49998,7951366293;
SP;3510153;Canitar;76705,306961719;
SP;3510203;Capão Bonito;592423,730361046;
SP;3510302;Capela do Alto;183153,707165077;
SP;3510401;Capivari;1396131,90875175;
SP;3510500;Caraguatatuba;2115680,80138604;
SP;3510609;Carapicuíba;3199826,72644269;
SP;3510708;Cardoso;149901,156722882;
SP;3510807;Casa Branca;550432,080656864;
SP;3510906;Cássia dos Coqueiros;136826,351358373;
SP;3511003;Castilho;648062,491166353;
SP;3511102;Catanduva;2435968,9527204;
SP;3511201;Catiguá;71375,7681403901;
SP;3511300;Cedral;248856,833126542;
SP;3511409;Cerqueira César;446694,430382161;
SP;3511508;Cerquilho;1094152,40610894;
SP;3511607;Cesário Lange;345703,007390097;
SP;3511706;Charqueada;240463,171258598;
SP;3511904;Clementina;87018,0135957558;
SP;3512001;Colina;719664,194034739;
SP;3512100;Colômbia;174221,349685343;
SP;3512209;Conchal;401115,366660119;
SP;3512308;Conchas;202124,288592771;
SP;3512407;Cordeirópolis;1917563,11975688;
SP;3512506;Coroados;102126,698319513;
SP;3512605;Coronel Macedo;65893,5833354775;
SP;3512704;Corumbataí;161060,651779612;
SP;3512803;Cosmópolis;984795,329686286;
SP;3512902;Cosmorama;236582,135455801;
SP;3513009;Cotia;7522209,68212312;
SP;3513108;Cravinhos;818377,130647991;
SP;3513207;Cristais Paulista;161779,535005052;
SP;3513306;Cruzália;64262,5586668497;
SP;3513405;Cruzeiro;1485554,9135017;
SP;3513504;Cubatão;10244773,1028473;
SP;3513603;Cunha;152348,160533113;
SP;3513702;Descalvado;971501,59170312;
SP;3513801;Diadema;8628632,11782991;
SP;3513850;Dirce Reis;32595,7525862253;
SP;3513900;Divinolândia;229415,709951287;
SP;3514007;Dobrada;64852,1362731683;
SP;3514106;Dois Córregos;389923,661900431;
SP;3514205;Dolcinópolis;27516,8892792218;
SP;3514304;Dourado;374519,021355292;
SP;3514403;Dracena;674526,263201035;
SP;3514502;Duartina;117927,658253222;
SP;3514601;Dumont;159803,072942382;
SP;3514700;Echaporã;71156,3687144442;
SP;3514809;Eldorado;153742,513906092;
SP;3514908;Elias Fausto;468980,277178085;
SP;3514924;Elisiário;35501,1611544964;
SP;3514957;Embaúba;26701,3769449079;
SP;3515004;Embu;6682231,51097253;
SP;3515103;Embu-Guaçu;679729,764054267;
SP;3515129;Emilianópolis;36959,4671261029;
SP;3515152;Engenheiro Coelho;308584,358978361;
SP;3515186;Espírito Santo do Pinhal;964341,701500655;
SP;3515194;Espírito Santo do Turvo;42839,8385487428;
SP;3515202;Estrela d'Oeste;351625,858276058;
SP;3515301;Estrela do Norte;29150,2479842958;
SP;3515350;Euclides da Cunha Paulista;63718,2613675882;
SP;3515400;Fartura;221132,214603605;
SP;3515509;Fernandópolis;1152437,96424428;
SP;3515608;Fernando Prestes;95972,7778253742;
SP;3515657;Fernão;37789,9172936727;
SP;3515707;Ferraz de Vasconcelos;2212980,71233475;
SP;3515806;Flora Rica;19678,7280854814;
SP;3515905;Floreal;38224,9816872505;
SP;3516002;Flórida Paulista;123629,70929137;
SP;3516101;Florínia;80267,0465786709;
SP;3516200;Franca;5263759,13897201;
SP;3516309;Francisco Morato;874081,244473792;
SP;3516408;Franco da Rocha;2006277,51104176;
SP;3516507;Gabriel Monteiro;43742,1770388566;
SP;3516606;Gália;80626,4881913908;
SP;3516705;Garça;805349,006012406;
SP;3516804;Gastão Vidigal;40065,1360214608;
SP;3516853;Gavião Peixoto;552786,189816535;
SP;3516903;General Salgado;128418,218464462;
SP;3517000;Getulina;100824,772789804;
SP;3517109;Glicério;58497,4886446537;
SP;3517208;Guaiçara;108411,791661929;
SP;3517307;Guaimbê;206777,890459271;
SP;3517406;Guaíra;1262641,36228233;
SP;3517505;Guapiaçu;418453,056190029;
SP;3517604;Guapiara;204980,682395672;
SP;3517703;Guará;288582,60024872;
SP;3517802;Guaraçaí;152446,190063854;
SP;3517901;Guaraci;175264,19716952;
SP;3518008;Guarani d'Oeste;17290,5419936956;
SP;3518107;Guarantã;91643,1402176116;
SP;3518206;Guararapes;560018,435148833;
SP;3518305;Guararema;722029,973376641;
SP;3518404;Guaratinguetá;3677452,74142492;
SP;3518503;Guareí;146428,577298176;
SP;3518602;Guariba;529888,825471698;
SP;3518701;Guarujá;4898793,32879115;
SP;3518800;Guarulhos;36119898,8117523;
SP;3518859;Guatapará;114537,236911424;
SP;3518909;Guzolândia;43686,160164147;
SP;3519006;Herculândia;166162,388643789;
SP;3519055;Holambra;683126,253890825;
SP;3519071;Hortolândia;8578901,2700773;
SP;3519105;Iacanga;307163,864397183;
SP;3519204;Iacri;147882,21519689;
SP;3519253;Iaras;78854,0209141213;
SP;3519303;Ibaté;541147,750481038;
SP;3519402;Ibirá;148503,535698877;
SP;3519501;Ibirarema;114187,598251778;
SP;3519600;Ibitinga;917380,421395154;
SP;3519709;Ibiúna;1106606,82458604;
SP;3519808;Icém;97697,6307591405;
SP;3519907;Iepê;202760,546928015;
SP;3520004;Igaraçu do Tietê;177939,936551481;
SP;3520103;Igarapava;606680,024974638;
SP;3520202;Igaratá;112110,77262192;
SP;3520301;Iguape;741579,395843001;
SP;3520400;Ilhabela;6515051,01563089;
SP;3520426;Ilha Comprida;636520,214132441;
SP;3520442;Ilha Solteira;329600,956754823;
SP;3520509;Indaiatuba;10651196,5351935;
SP;3520608;Indiana;40597,296331202;
SP;3520707;Indiaporã;51863,6902571697;
SP;3520806;Inúbia Paulista;63803,6871015203;
SP;3520905;Ipaussu;232983,05125571;
SP;3521002;Iperó;452660,227538733;
SP;3521101;Ipeúna;442492,231164363;
SP;3521150;Ipiguá;58005,0069544985;
SP;3521200;Iporanga;29623,1237683027;
SP;3521309;Ipuã;206662,589058827;
SP;3521408;Iracemápolis;993330,900970161;
SP;3521507;Irapuã;86930,2538253775;
SP;3521606;Irapuru;51159,7448649857;
SP;3521705;Itaberá;474331,755942009;
SP;3521804;Itaí;431748,661402352;
SP;3521903;Itajobi;436567,513049245;
SP;3522000;Itaju;108419,260578557;
SP;3522109;Itanhaém;1105994,84022984;
SP;3522158;Itaóca;24901,8348448621;
SP;3522208;Itapecerica da Serra;2291696,55829125;
SP;3522307;Itapetininga;2968765,05398952;
SP;3522406;Itapeva;1768729,08449721;
SP;3522505;Itapevi;6000805,36922914;
SP;3522604;Itapira;2220289,98086977;
SP;3522653;Itapirapuã Paulista;24549,3953414809;
SP;3522703;Itápolis;761278,663449209;
SP;3522802;Itaporanga;142616,162166899;
SP;3522901;Itapuí;468548,013628243;
SP;3523008;Itapura;48841,1130592977;
SP;3523107;Itaquaquecetuba;4443827,07324354;
SP;3523206;Itararé;551964,142180172;
SP;3523305;Itariri;204919,063833491;
SP;3523404;Itatiba;3849058,56986861;
SP;3523503;Itatinga;185163,779352573;
SP;3523602;Itirapina;594331,571752197;
SP;3523701;Itirapuã;75545,7576552303;
SP;3523800;Itobi;92598,6947386994;
SP;3523909;Itu;4920528,34298577;
SP;3524006;Itupeva;3932048,03655817;
SP;3524105;Ituverava;890291,594400171;
SP;3524204;Jaborandi;71551,2876811468;
SP;3524303;Jaboticabal;1681058,47431109;
SP;3524402;Jacareí;7512999,57430628;
SP;3524501;Jaci;315938,907820441;
SP;3524600;Jacupiranga;247916,21643871;
SP;3524709;Jaguariúna;6526573,68675866;
SP;3524808;Jales;925270,398198001;
SP;3524907;Jambeiro;164738,159604297;
SP;3525003;Jandira;2291258,22624665;
SP;3525102;Jardinópolis;737910,290549522;
SP;3525201;Jarinu;1399208,16878789;
SP;3525300;Jaú;2605902,67745401;
SP;3525409;Jeriquara;78861,02302346;
SP;3525508;Joanópolis;122097,180960773;
SP;3525607;João Ramalho;69402,5737287445;
SP;3525706;José Bonifácio;645011,438723837;
SP;3525805;Júlio Mesquita;27468,3413211402;
SP;3525854;Jumirim;99896,7598987814;
SP;3525904;Jundiaí;26921193,2297632;
SP;3526001;Junqueirópolis;377123,806029288;
SP;3526100;Juquiá;171065,732410035;
SP;3526209;Juquitiba;267945,983605705;
SP;3526308;Lagoinha;34528,3347637064;
SP;3526407;Laranjal Paulista;658712,232663226;
SP;3526506;Lavínia;86310,8005525472;
SP;3526605;Lavrinhas;62233,3473804946;
SP;3526704;Leme;1914781,41512026;
SP;3526803;Lençóis Paulista;2298665,52431241;
SP;3526902;Limeira;7497270,03588783;
SP;3527009;Lindóia;114918,151659449;
SP;3527108;Lins;3157433,15566247;
SP;3527207;Lorena;1809654,54635276;
SP;3527256;Lourdes;20300,9822020472;
SP;3527306;Louveira;9185437,51840685;
SP;3527405;Lucélia;272741,961695425;
SP;3527504;Lucianópolis;32893,5756367646;
SP;3527603;Luís Antônio;726635,494092348;
SP;3527702;Luiziânia;43790,7249969383;
SP;3527801;Lupércio;45904,4284026471;
SP;3527900;Lutécia;47228,2938749505;
SP;3528007;Macatuba;300522,597093071;
SP;3528106;Macaubal;91938,6292317047;
SP;3528205;Macedônia;42447,2536184864;
SP;3528304;Magda;48607,7094146744;
SP;3528403;Mairinque;1258099,79416525;
SP;3528502;Mairiporã;1068098,02406693;
SP;3528601;Manduri;136264,782189409;
SP;3528700;Marabá Paulista;73293,8792919045;
SP;3528809;Maracaí;241525,157841634;
SP;3528858;Marapoama;55874,0316790876;
SP;3528908;Mariápolis;35702,3550961617;
SP;3529005;Marília;4554153,24159867;
SP;3529104;Marinópolis;18703,5676582452;
SP;3529203;Martinópolis;352416,163016753;
SP;3529302;Matão;2500486,38816718;
SP;3529401;Mauá;9698487,67134085;
SP;3529500;Mendonça;174952,369900303;
SP;3529609;Meridiano;183848,316411476;
SP;3529658;Mesópolis;38098,4769118647;
SP;3529708;Miguelópolis;474340,158473215;
SP;3529807;Mineiros do Tietê;105618,416843078;
SP;3529906;Miracatu;213308,991243121;
SP;3530003;Mira Estrela;32845,4944859722;
SP;3530102;Mirandópolis;344850,150472643;
SP;3530201;Mirante do Paranapanema;283313,279567704;
SP;3530300;Mirassol;1241863,30303068;
SP;3530409;Mirassolândia;99567,6607598625;
SP;3530508;Mococa;1420817,61182169;
SP;3530607;Moji das Cruzes;9151531,43775971;
SP;3530706;Mogi Guaçu;3204812,22829185;
SP;3530805;Moji-Mirim;2947217,69632519;
SP;3530904;Mombuca;58125,4432351241;
SP;3531001;Monções;27197,1262860879;
SP;3531100;Mongaguá;585658,759125284;
SP;3531209;Monte Alegre do Sul;117737,20087921;
SP;3531308;Monte Alto;1136787,78306499;
SP;3531407;Monte Aprazível;357854,467936476;
SP;3531506;Monte Azul Paulista;298365,480609462;
SP;3531605;Monte Castelo;59792,4120650239;
SP;3531704;Monteiro Lobato;38759,0092261487;
SP;3531803;Monte Mor;2015563,70844674;
SP;3531902;Morro Agudo;572267,458418665;
SP;3532009;Morungaba;295640,25965484;
SP;3532058;Motuca;56341,7725829127;
SP;3532108;Murutinga do Sul;41091,6452505142;
SP;3532157;Nantes;66427,1440670864;
SP;3532207;Narandiba;298325,335182587;
SP;3532306;Natividade da Serra;43595,5995500332;
SP;3532405;Nazaré Paulista;217238,575003999;
SP;3532504;Neves Paulista;128954,580039806;
SP;3532603;Nhandeara;171680,984417262;
SP;3532702;Nipoã;44763,084580439;
SP;3532801;Nova Aliança;152147,900206026;
SP;3532827;Nova Campina;103201,288699358;
SP;3532843;Nova Canaã Paulista;21615,5115285658;
SP;3532868;Nova Castilho;28318,8642021475;
SP;3532900;Nova Europa;176201,546206327;
SP;3533007;Nova Granada;239392,315337066;
SP;3533106;Nova Guataporanga;17166,8380620453;
SP;3533205;Nova Independência;99502,307739368;
SP;3533254;Novais;36719,0613721409;
SP;3533304;Nova Luzitânia;28108,3341146973;
SP;3533403;Nova Odessa;1876795,90557239;
SP;3533502;Novo Horizonte;740335,354417158;
SP;3533601;Nuporanga;405231,673336696;
SP;3533700;Ocauçu;65990,6792516408;
SP;3533809;Óleo;59878,3046062453;
SP;3533908;Olímpia;1190893,08192513;
SP;3534005;Onda Verde;95992,3837315225;
SP;3534104;Oriente;60574,314274512;
SP;3534203;Orindiúva;299149,250048107;
SP;3534302;Orlândia;1204085,52272652;
SP;3534401;Osasco;40197363,8542128;
SP;3534500;Oscar Bressane;52694,1404247395;
SP;3534609;Osvaldo Cruz;507648,258982831;
SP;3534708;Ourinhos;1849290,21966811;
SP;3534757;Ouroeste;256155,831901202;
SP;3534807;Ouro Verde;63012,4487462472;
SP;3534906;Pacaembu;101621,612832548;
SP;3535002;Palestina;196255,120545073;
SP;3535101;Palmares Paulista;63681,3835917377;
SP;3535200;Palmeira d'Oeste;100386,90755249;
SP;3535309;Palmital;420419,248492336;
SP;3535408;Panorama;148363,493512103;
SP;3535507;Paraguaçu Paulista;841069,099785559;
SP;3535606;Paraibuna;164209,73375287;
SP;3535705;Paraíso;128518,115224361;
SP;3535804;Paranapanema;441200,575395018;
SP;3535903;Paranapuã;62115,7119436044;
SP;3536000;Parapuã;346271,11186111;
SP;3536109;Pardinho;171911,58721815;
SP;3536208;Pariquera-Açu;273560,274873474;
SP;3536257;Parisi;25030,206849405;
SP;3536307;Patrocínio Paulista;635235,560472434;
SP;3536406;Paulicéia;93429,1449062692;
SP;3536505;Paulínia;24455771,0711277;
SP;3536570;Paulistânia;22704,1061270889;
SP;3536604;Paulo de Faria;125886,255727588;
SP;3536703;Pederneiras;1431352,9855327;
SP;3536802;Pedra Bela;55118,7374850865;
SP;3536901;Pedranópolis;37291,8339160465;
SP;3537008;Pedregulho;808213,335539223;
SP;3537107;Pedreira;701148,282906771;
SP;3537156;Pedrinhas Paulista;82462,4412599978;
SP;3537206;Pedro de Toledo;83375,9831250535;
SP;3537305;Penápolis;972106,573949984;
SP;3537404;Pereira Barreto;507645,924946385;
SP;3537503;Pereiras;148427,912918019;
SP;3537602;Peruíbe;917858,432059343;
SP;3537701;Piacatu;55561,7376025816;
SP;3537800;Piedade;745529,985931895;
SP;3537909;Pilar do Sul;595730,12639078;
SP;3538006;Pindamonhangaba;6415098,2388574;
SP;3538105;Pindorama;232843,942683514;
SP;3538204;Pinhalzinho;146881,380368745;
SP;3538303;Piquerobi;31319,501457425;
SP;3538501;Piquete;92359,6894066051;
SP;3538600;Piracaia;308884,516065346;
SP;3538709;Piracicaba;16130863,8483951;
SP;3538808;Piraju;432358,311722108;
SP;3538907;Pirajuí;252103,011015963;
SP;3539004;Pirangi;170290,365502597;
SP;3539103;Pirapora do Bom Jesus;385896,5154161;
SP;3539202;Pirapozinho;433094,933624539;
SP;3539301;Pirassununga;1546220,72200491;
SP;3539400;Piratininga;129990,425414645;
SP;3539509;Pitangueiras;648657,203652853;
SP;3539608;Planalto;90449,5139790079;
SP;3539707;Platina;56025,7440480927;
SP;3539806;Poá;1759558,65529996;
SP;3539905;Poloni;72085,7820273342;
SP;3540002;Pompéia;911142,94239624;
SP;3540101;Pongaí;44066,1412975938;
SP;3540200;Pontal;682876,045183789;
SP;3540259;Pontalinda;45761,1185648483;
SP;3540309;Pontes Gestal;59127,2116778474;
SP;3540408;Populina;54737,8227370613;
SP;3540507;Porangaba;109108,734944775;
SP;3540606;Porto Feliz;1752705,45748653;
SP;3540705;Porto Ferreira;1165091,70943388;
SP;3540754;Potim;143990,90963373;
SP;3540804;Potirendaba;289499,409764801;
SP;3540853;Pracinha;19124,6278331457;
SP;3540903;Pradópolis;511866,329648464;
SP;3541000;Praia Grande;4074215,13011281;
SP;3541059;Pratânia;58989,0367202304;
SP;3541109;Presidente Alves;36099,6080993106;
SP;3541208;Presidente Bernardes;154939,87460301;
SP;3541307;Presidente Epitácio;618763,331656788;
SP;3541406;Presidente Prudente;4314322,594217;
SP;3541505;Presidente Venceslau;384243,083997589;
SP;3541604;Promissão;987467,801417223;
SP;3541653;Quadra;67464,3898637925;
SP;3541703;Quatá;383323,006830483;
SP;3541802;Queiroz;319638,355587721;
SP;3541901;Queluz;181365,368439973;
SP;3542008;Quintana;128971,385102219;
SP;3542107;Rafard;206741,012683421;
SP;3542206;Rancharia;645051,117343423;
SP;3542305;Redenção da Serra;31194,3971039069;
SP;3542404;Regente Feijó;459210,000614153;
SP;3542503;Reginópolis;86300,997599473;
SP;3542602;Registro;1100455,70493564;
SP;3542701;Restinga;98847,377112555;
SP;3542800;Ribeira;28979,8633237208;
SP;3542909;Ribeirão Bonito;173548,680381538;
SP;3543006;Ribeirão Branco;277983,273939086;
SP;3543105;Ribeirão Corrente;148938,600092455;
SP;3543204;Ribeirão do Sul;104734,283837244;
SP;3543238;Ribeirão dos Índios;21940,4094018814;
SP;3543253;Ribeirão Grande;54612,7183835432;
SP;3543303;Ribeirão Pires;1816348,56288055;
SP;3543402;Ribeirão Preto;18651552,255619;
SP;3543501;Riversul;43317,8492129314;
SP;3543600;Rifaina;89233,9477978096;
SP;3543709;Rincão;105518,520083179;
SP;3543808;Rinópolis;162927,880936599;
SP;3543907;Rio Claro;6183019,39332096;
SP;3544004;Rio das Pedras;834502,521647727;
SP;3544103;Rio Grande da Serra;448474,366576059;
SP;3544202;Riolândia;125553,888937645;
SP;3544251;Rosana;900217,317791423;
SP;3544301;Roseira;174952,836707592;
SP;3544400;Rubiácea;36854,4354860224;
SP;3544509;Rubinéia;48014,3973500419;
SP;3544608;Sabino;81913,4758878438;
SP;3544707;Sagres;25566,5684247493;
SP;3544806;Sales;79114,4993815209;
SP;3544905;Sales Oliveira;194769,272943401;
SP;3545001;Salesópolis;117519,668682421;
SP;3545100;Salmourão;45231,2922915534;
SP;3545159;Saltinho;176392,937194918;
SP;3545209;Salto;4342935,54701138;
SP;3545308;Salto de Pirapora;1037001,65649376;
SP;3545407;Salto Grande;127878,589238093;
SP;3545506;Sandovalina;148822,831884722;
SP;3545605;Santa Adélia;178575,261272146;
SP;3545704;Santa Albertina;100266,004464576;
SP;3545803;Santa Bárbara d'Oeste;3653003,70965062;
SP;3546009;Santa Branca;146026,189414845;
SP;3546108;Santa Clara d'Oeste;45179,0098751578;
SP;3546207;Santa Cruz da Conceição;75459,8651140089;
SP;3546256;Santa Cruz da Esperança;29622,1901537242;
SP;3546306;Santa Cruz das Palmeiras;306213,444756277;
SP;3546405;Santa Cruz do Rio Pardo;1300948,0352452;
SP;3546504;Santa Ernestina;48722,0772005398;
SP;3546603;Santa Fé do Sul;627800,253969313;
SP;3546702;Santa Gertrudes;1818596,23997828;
SP;3546801;Santa Isabel;774308,65531395;
SP;3546900;Santa Lúcia;61211,5062243337;
SP;3547007;Santa Maria da Serra;71432,7186296782;
SP;3547106;Santa Mercedes;32241,4458536871;
SP;3547205;Santana da Ponte Pensa;18631,6793357012;
SP;3547304;Santana de Parnaíba;5389244,87404543;
SP;3547403;Santa Rita d'Oeste;31805,91465282;
SP;3547502;Santa Rita do Passa Quatro;385505,797715001;
SP;3547601;Santa Rosa de Viterbo;389057,734378878;
SP;3547650;Santa Salete;19655,3877210191;
SP;3547700;Santo Anastácio;259451,958170573;
SP;3547809;Santo André;15227391,4833758;
SP;3547908;Santo Antônio da Alegria;98740,0114360282;
SP;3548005;Santo Antônio de Posse;873272,267441528;
SP;3548054;Santo Antônio do Aracanguá;135223,801934389;
SP;3548104;Santo Antônio do Jardim;104020,068684697;
SP;3548203;Santo Antônio do Pinhal;69287,7391355899;
SP;3548302;Santo Expedito;22067,3809845565;
SP;3548401;Santópolis do Aguapeí;37649,4082996094;
SP;3548500;Santos;11245468,3556127;
SP;3548609;São Bento do Sapucaí;189825,783750279;
SP;3548708;São Bernardo do Campo;27204134,9307286;
SP;3548807;São Caetano do Sul;7266680,77241137;
SP;3548906;São Carlos;6601520,53066178;
SP;3549003;São Francisco;23885,5953761722;
SP;3549102;São João da Boa Vista;1930336,83441982;
SP;3549201;São João das Duas Pontes;24559,6651018443;
SP;3549250;São João de Iracema;24030,3056358386;
SP;3549300;São João do Pau d'Alho;27304,9587699038;
SP;3549409;São Joaquim da Barra;1022814,91616627;
SP;3549508;São José da Bela Vista;108073,823184515;
SP;3549607;São José do Barreiro;29570,841351907;
SP;3549706;São José do Rio Pardo;1108745,26877808;
SP;3549805;São José do Rio Preto;9785502,41728558;
SP;3549904;São José dos Campos;21103801,1125519;
SP;3549953;São Lourenço da Serra;133232,402038463;
SP;3550001;São Luís do Paraitinga;95330,91780266;
SP;3550100;São Manuel;625669,745501192;
SP;3550209;São Miguel Arcanjo;445439,185581377;
SP;3550308;São Paulo;386974190,458513;
SP;3550407;São Pedro;413748,105521712;
SP;3550506;São Pedro do Turvo;109403,290344289;
SP;3550605;São Roque;1610848,79077924;
SP;3550704;São Sebastião;7472952,17696181;
SP;3550803;São Sebastião da Grama;200023,188983872;
SP;3550902;São Simão;234023,097896151;
SP;3551009;São Vicente;2857448,32056661;
SP;3551108;Sarapuí;95187,1411575721;
SP;3551207;Sarutaiá;45073,9782350773;
SP;3551306;Sebastianópolis do Sul;194891,576453184;
SP;3551405;Serra Azul;91271,5616153712;
SP;3551504;Serrana;629746,373558183;
SP;3551603;Serra Negra;394509,109902701;
SP;3551702;Sertãozinho;3318543,28901474;
SP;3551801;Sete Barras;176999,319863649;
SP;3551900;Severínia;126930,503633633;
SP;3552007;Silveiras;43207,21588538;
SP;3552106;Socorro;522926,394752584;
SP;3552205;Sorocaba;20788514,8013218;
SP;3552304;Sud Mennucci;105864,424284511;
SP;3552403;Sumaré;7552891,52482343;
SP;3552502;Suzano;6914122,69997869;
SP;3552551;Suzanápolis;159639,223583856;
SP;3552601;Tabapuã;134037,644612413;
SP;3552700;Tabatinga;158911,93782721;
SP;3552809;Taboão da Serra;4803947,42376202;
SP;3552908;Taciba;87018,4804030451;
SP;3553005;Taguaí;160314,693731396;
SP;3553104;Taiaçu;51305,3887392307;
SP;3553203;Taiúva;65190,1047505828;
SP;3553302;Tambaú;326960,694726844;
SP;3553401;Tanabi;617852,123828178;
SP;3553500;Tapiraí;86423,7679165448;
SP;3553609;Tapiratiba;140595,35341175;
SP;3553658;Taquaral;21875,5231886761;
SP;3553708;Taquaritinga;774906,635451476;
SP;3553807;Taquarituba;461276,556483648;
SP;3553856;Taquarivaí;171469,520715234;
SP;3553906;Tarabai;78587,0071446722;
SP;3553955;Tarumã;418742,943516651;
SP;3554003;Tatuí;2369603,89402278;
SP;3554102;Taubaté;7562271,55049355;
SP;3554201;Tejupá;64473,5555615892;
SP;3554300;Teodoro Sampaio;292701,240961744;
SP;3554409;Terra Roxa;81660,9331443613;
SP;3554508;Tietê;1007557,78672453;
SP;3554607;Timburi;30949,7900843416;
SP;3554656;Torre de Pedra;17625,2428200855;
SP;3554706;Torrinha;132849,62006128;
SP;3554755;Trabiju;20968,9834329592;
SP;3554805;Tremembé;418555,286986374;
SP;3554904;Três Fronteiras;56967,2943505032;
SP;3554953;Tuiuti;84860,8971121471;
SP;3555000;Tupã;1033201,8451593;
SP;3555109;Tupi Paulista;158881,128546119;
SP;3555208;Turiúba;26339,6012957418;
SP;3555307;Turmalina;34399,9627591636;
SP;3555356;Ubarana;99261,4351781167;
SP;3555406;Ubatuba;1263152,98307135;
SP;3555505;Ubirajara;53434,4967854846;
SP;3555604;Uchoa;187582,30791816;
SP;3555703;União Paulista;26885,7658241604;
SP;3555802;Urânia;133513,420026589;
SP;3555901;Uru;21656,1237627302;
SP;3556008;Urupês;225619,633075133;
SP;3556107;Valentim Gentil;204249,662180711;
SP;3556206;Valinhos;3720080,64946434;
SP;3556305;Valparaíso;577112,451273756;
SP;3556354;Vargem;71608,7049777242;
SP;3556404;Vargem Grande do Sul;600939,228931483;
SP;3556453;Vargem Grande Paulista;1352902,28611649;
SP;3556503;Várzea Paulista;1851282,55317861;
SP;3556602;Vera Cruz;112123,843226019;
SP;3556701;Vinhedo;5862123,45889601;
SP;3556800;Viradouro;207124,261467892;
SP;3556909;Vista Alegre do Alto;198420,172752599;
SP;3556958;Vitória Brasil;21089,886520874;
SP;3557006;Votorantim;1829527,93307785;
SP;3557105;Votuporanga;1803061,82700673;
SP;3557154;Zacarias;60773,1741797311;
SP;3557204;Chavantes;124331,787454397;
SP;3557303;Estiva Gerbi;181789,696265898;
SP;3599919;Santo Amaro;;
